course,accuracy,loss,auc,model,stage
DDD2014J,0.5235456824302673,1.1582976579666138,0.7490746974945068,CNN,10
DDD2014J,0.4930747922437673,2.3387056731604536,0.671918213233181,KNN,10
DDD2014J,0.5346260387811634,1.0996541952119918,0.6732426383715667,FOR,10
DDD2014J,0.4986149584487535,1.3619794519828288,0.6514097891767111,XGBoost,10
DDD2014J,0.5512465373961218,1.0983404275816107,0.6935092338496851,SVM,10
AAA2014J,0.6438356041908264,1.082628846168518,0.8396509885787964,CNN,10
AAA2014J,0.6575342465753424,2.295209749928238,0.610445311532268,KNN,10
AAA2014J,0.5753424657534246,1.1350102855473938,0.5358571782484826,FOR,10
AAA2014J,0.6301369863013698,1.348296484126279,0.6206676576241793,XGBoost,10
AAA2014J,0.6301369863013698,1.0535794953654136,0.5019013997274867,SVM,10
BBB2013J,0.5,1.1875584125518799,0.7392054796218872,CNN,10
BBB2013J,0.4799107142857143,2.416747507990582,0.5951321440008456,KNN,10
BBB2013J,0.4732142857142857,1.2147531585009366,0.624215032473269,FOR,10
BBB2013J,0.4799107142857143,1.3683619294453682,0.6092918330951276,XGBoost,10
BBB2013J,0.4799107142857143,1.199341988172134,0.6176050412048474,SVM,10
CCC2014B,0.48969072103500366,1.2219159603118896,0.7473241686820984,CNN,10
CCC2014B,0.5077319587628866,1.544175085050686,0.6383257587238084,KNN,10
CCC2014B,0.4896907216494845,1.1615624642643696,0.6547408720777516,FOR,10
CCC2014B,0.5051546391752577,1.3615239922259705,0.686924961104039,XGBoost,10
CCC2014B,0.4793814432989691,1.179222944323824,0.6518018225535956,SVM,10
CCC2014J,0.4620000123977661,1.2093740701675415,0.7274786829948425,CNN,10
CCC2014J,0.446,1.8886295308503898,0.6188600244337715,KNN,10
CCC2014J,0.452,1.194429357042187,0.6463835063653739,FOR,10
CCC2014J,0.45,1.3672863019191166,0.6172499718113488,XGBoost,10
CCC2014J,0.48,1.1998566038447263,0.6402365850877954,SVM,10
DDD2013J,0.5283505320549011,1.2266703844070435,0.7513296604156494,CNN,10
DDD2013J,0.5,2.8495796290427995,0.5988342080420891,KNN,10
DDD2013J,0.4948453608247423,1.1086133708526145,0.6770458493010137,FOR,10
DDD2013J,0.5077319587628866,1.362861210556554,0.6105094958897863,XGBoost,10
DDD2013J,0.5103092783505154,1.1336043743523077,0.6578930508966888,SVM,10
DDD2014B,0.4471544623374939,1.3166675567626953,0.6587100625038147,CNN,10
DDD2014B,0.4268292682926829,2.022348440245044,0.633951283504855,KNN,10
DDD2014B,0.45528455284552843,1.200685007482306,0.6570806941900692,FOR,10
DDD2014B,0.45121951219512196,1.3682306476127248,0.6375900609531562,XGBoost,10
DDD2014B,0.44715447154471544,1.2279134938328897,0.6371870730129658,SVM,10
EEE2014B,0.42446044087409973,1.2771425247192383,0.6735244989395142,CNN,10
EEE2014B,0.5035971223021583,2.0774018092987827,0.6822002245874427,KNN,10
EEE2014B,0.49640287769784175,1.1896818508572637,0.6898409443522225,FOR,10
EEE2014B,0.460431654676259,1.3652535509161403,0.6584577424802988,XGBoost,10
EEE2014B,0.4892086330935252,1.158586770226045,0.7121010498830048,SVM,10
EEE2014J,0.4831932783126831,1.3233643770217896,0.7014864683151245,CNN,10
EEE2014J,0.46638655462184875,2.086592523793,0.620929904438103,KNN,10
EEE2014J,0.48739495798319327,1.227984625737268,0.647844961984774,FOR,10
EEE2014J,0.48739495798319327,1.3662747462441278,0.6480494642779934,XGBoost,10
EEE2014J,0.5126050420168067,1.1842436754048544,0.6663674692934755,SVM,10
FFF2013B,0.495356023311615,1.539320945739746,0.6960752606391907,CNN,10
FFF2013B,0.4458204334365325,1.8074302025081663,0.6386929959189495,KNN,10
FFF2013B,0.5108359133126935,1.1139354171867688,0.7176328673139488,FOR,10
FFF2013B,0.44891640866873067,1.3656604322608226,0.6749060423270721,XGBoost,10
FFF2013B,0.5108359133126935,1.1213085718400173,0.7066625881025637,SVM,10
FFF2013J,0.4660831391811371,1.236404299736023,0.729354739189148,CNN,10
FFF2013J,0.4551422319474836,2.149924915889318,0.633222776103035,KNN,10
FFF2013J,0.4814004376367615,1.1700810693976846,0.6722253317722573,FOR,10
FFF2013J,0.4573304157549234,1.3670461052001597,0.6408519707872459,XGBoost,10
FFF2013J,0.4814004376367615,1.154620852842132,0.6858298392278975,SVM,10
FFF2014B,0.4266666769981384,1.9929965734481812,0.6518481373786926,CNN,10
FFF2014B,0.4633333333333333,2.736064846771776,0.6589014158484091,KNN,10
FFF2014B,0.5066666666666667,1.1333072537548248,0.7052303709841824,FOR,10
FFF2014B,0.43,1.3689985057216782,0.6313764306776729,XGBoost,10
FFF2014B,0.4866666666666667,1.153638849652875,0.7066757149619938,SVM,10
FFF2014J,0.4904862642288208,1.1992824077606201,0.7310107946395874,CNN,10
FFF2014J,0.45665961945031713,2.2461227430870747,0.6292158782552224,KNN,10
FFF2014J,0.5243128964059197,1.1550336935035483,0.6771803798120569,FOR,10
FFF2014J,0.4904862579281184,1.3634802840017153,0.6721715392121702,XGBoost,10
FFF2014J,0.507399577167019,1.1573006127735503,0.6753279436946622,SVM,10
DDD2013B,0.4674329459667206,1.4319605827331543,0.7324246764183044,CNN,10
DDD2013B,0.4904214559386973,2.2637072303142878,0.627909692744463,KNN,10
DDD2013B,0.4521072796934866,1.1457965861251123,0.6484898469453068,FOR,10
DDD2013B,0.41762452107279696,1.3652583264369766,0.6074657967617738,XGBoost,10
DDD2013B,0.4674329501915709,1.152036096447325,0.6620173408966512,SVM,10
GGG2013J,0.47643980383872986,1.3112356662750244,0.7302888631820679,CNN,10
GGG2013J,0.41361256544502617,2.2622106479968824,0.5239307512193525,KNN,10
GGG2013J,0.4397905759162304,1.172733658518989,0.5915776500149753,FOR,10
GGG2013J,0.44502617801047123,1.368640339136468,0.5182036408987424,XGBoost,10
GGG2013J,0.46596858638743455,1.1740470186223775,0.5587156410051736,SVM,10
GGG2014J,0.4266666769981384,1.3506584167480469,0.6424074172973633,CNN,10
GGG2014J,0.4533333333333333,1.3128187609757473,0.6490250868055556,KNN,10
GGG2014J,0.37333333333333335,1.3046297626859666,0.5879786458333333,FOR,10
GGG2014J,0.4066666666666667,1.376145035828634,0.5933917824074074,XGBoost,10
GGG2014J,0.4266666666666667,1.2927530381545778,0.5806305555555555,SVM,10
EEE2013J,0.5165876746177673,1.2752426862716675,0.7147189378738403,CNN,10
EEE2013J,0.5260663507109005,2.2902156064720627,0.6396585139210323,KNN,10
EEE2013J,0.5071090047393365,1.247268503863101,0.6361230012623607,FOR,10
EEE2013J,0.5023696682464455,1.3644139513400613,0.6488667332912547,XGBoost,10
EEE2013J,0.5118483412322274,1.173076379124849,0.6466513605442177,SVM,10
AAA2013J,0.7142857313156128,1.176581859588623,0.8332208395004272,CNN,10
AAA2013J,0.6623376623376623,1.6399160100636783,0.7245963912630579,KNN,10
AAA2013J,0.7012987012987013,1.7088819851140247,0.67170435660019,FOR,10
AAA2013J,0.6623376623376623,1.3370068798868116,0.6284425451092118,XGBoost,10
AAA2013J,0.6753246753246753,0.9234577763273598,0.7019527540360874,SVM,10
BBB2013B,0.4378530979156494,1.3702396154403687,0.6777652502059937,CNN,10
BBB2013B,0.4124293785310734,1.851153251500175,0.627647054778571,KNN,10
BBB2013B,0.4576271186440678,1.303737505818208,0.6526826330680323,FOR,10
BBB2013B,0.4293785310734463,1.37052078481665,0.6389405540915511,XGBoost,10
BBB2013B,0.4378531073446328,1.208265604121128,0.6537547774493707,SVM,10
BBB2014B,0.4829721450805664,1.242215633392334,0.7132405042648315,CNN,10
BBB2014B,0.4520123839009288,2.402142240646991,0.6215461525846154,KNN,10
BBB2014B,0.4984520123839009,1.1882373060005396,0.6697940496979126,FOR,10
BBB2014B,0.47678018575851394,1.3672787125930868,0.6322474718032337,XGBoost,10
BBB2014B,0.4551083591331269,1.196098446156823,0.6701548072749404,SVM,10
BBB2014J,0.5272331237792969,1.2612887620925903,0.7342949509620667,CNN,10
BBB2014J,0.5163398692810458,2.1865633574052925,0.615938901672876,KNN,10
BBB2014J,0.5577342047930284,1.1373727593393381,0.6601515815618381,FOR,10
BBB2014J,0.5163398692810458,1.3638205321393022,0.6231060705676091,XGBoost,10
BBB2014J,0.5446623093681917,1.142253348146761,0.6328363284388925,SVM,10
GGG2014B,0.42514970898628235,1.3042610883712769,0.6863279342651367,CNN,10
GGG2014B,0.3652694610778443,2.89433081724958,0.5318595579257345,KNN,10
GGG2014B,0.41317365269461076,1.2761600660835501,0.6024689362924658,FOR,10
GGG2014B,0.39520958083832336,1.373951350278997,0.5667742225095166,XGBoost,10
GGG2014B,0.4550898203592814,1.2558505626765704,0.5929212454212455,SVM,10
DDD2014J,0.5650969743728638,1.0812829732894897,0.7905696630477905,CNN,20
DDD2014J,0.5650969529085873,2.0068396142560894,0.7176291501608786,KNN,20
DDD2014J,0.5789473684210527,1.0187442424416766,0.730951105535614,FOR,20
DDD2014J,0.590027700831025,1.34959845266956,0.7147051897202985,XGBoost,20
DDD2014J,0.5761772853185596,1.0276199310793395,0.7420545644256361,SVM,20
AAA2014J,0.6438356041908264,1.2222990989685059,0.821792721748352,CNN,20
AAA2014J,0.6301369863013698,2.7558131413937144,0.6238062058714232,KNN,20
AAA2014J,0.6438356164383562,1.4703267842886096,0.6232410504149636,FOR,20
AAA2014J,0.547945205479452,1.3513819040655584,0.5472562863867211,XGBoost,20
AAA2014J,0.6301369863013698,1.0453082317996867,0.5527839712622321,SVM,20
BBB2013J,0.515625,1.5493990182876587,0.7408929467201233,CNN,20
BBB2013J,0.5267857142857143,2.002543595523404,0.6629366543501719,KNN,20
BBB2013J,0.5825892857142857,1.0534733053041485,0.728659183104435,FOR,20
BBB2013J,0.5357142857142857,1.357394581265286,0.7060013126946266,XGBoost,20
BBB2013J,0.5602678571428571,1.0895052689541058,0.7132045031124488,SVM,20
CCC2014B,0.5257731676101685,2.1041741371154785,0.7651793360710144,CNN,20
CCC2014B,0.5309278350515464,2.0898669232957596,0.7011807828696126,KNN,20
CCC2014B,0.5515463917525774,1.0279397951167504,0.7406810051322464,FOR,20
CCC2014B,0.5180412371134021,1.3542713057122087,0.701742912852842,XGBoost,20
CCC2014B,0.5412371134020618,1.0547539552993748,0.7354089935543836,SVM,20
CCC2014J,0.5260000228881836,1.1794382333755493,0.7495819330215454,CNN,20
CCC2014J,0.528,1.7883256929061382,0.7142044370397326,KNN,20
CCC2014J,0.54,1.0471903108827363,0.7489591025496267,FOR,20
CCC2014J,0.508,1.355394649968401,0.7199477531841474,XGBoost,20
CCC2014J,0.548,1.0666628509652054,0.743344847746268,SVM,20
DDD2013J,0.5154638886451721,1.768276572227478,0.7480393052101135,CNN,20
DDD2013J,0.5,1.7661443101314156,0.6716184678912981,KNN,20
DDD2013J,0.5618556701030928,1.0508196128724012,0.7226736329088818,FOR,20
DDD2013J,0.5412371134020618,1.354895278810635,0.7150597382549707,XGBoost,20
DDD2013J,0.5489690721649485,1.0585056034906142,0.7310154429723467,SVM,20
DDD2014B,0.4878048896789551,1.3182779550552368,0.7093358039855957,CNN,20
DDD2014B,0.47560975609756095,1.837859775368744,0.6768383835906158,KNN,20
DDD2014B,0.47560975609756095,1.085905510775965,0.731599773545458,FOR,20
DDD2014B,0.46747967479674796,1.3615226613528777,0.6890416957381245,XGBoost,20
DDD2014B,0.5040650406504065,1.1029159773291302,0.7457590497025021,SVM,20
EEE2014B,0.5107913613319397,1.1177245378494263,0.7712765336036682,CNN,20
EEE2014B,0.5539568345323741,1.9752115180549161,0.7313969447428095,KNN,20
EEE2014B,0.60431654676259,0.9618475538404619,0.787538199756245,FOR,20
EEE2014B,0.5251798561151079,1.3535679733435177,0.7449251736845722,XGBoost,20
EEE2014B,0.5899280575539568,1.0166175406118174,0.7701082612736748,SVM,20
EEE2014J,0.575630247592926,1.7001688480377197,0.7729003429412842,CNN,20
EEE2014J,0.5546218487394958,2.054591100143857,0.7038565509330859,KNN,20
EEE2014J,0.5840336134453782,1.0016591042701035,0.7487798667305242,FOR,20
EEE2014J,0.5798319327731093,1.3517405822161896,0.7440428677382771,XGBoost,20
EEE2014J,0.6134453781512605,0.9791439155421796,0.7544569880000931,SVM,20
FFF2013B,0.5634675025939941,1.1202086210250854,0.7955027222633362,CNN,20
FFF2013B,0.5541795665634675,1.9538119128303348,0.7142385451809451,KNN,20
FFF2013B,0.5479876160990712,1.0503319459376224,0.7365907843311336,FOR,20
FFF2013B,0.5541795665634675,1.3542966942039405,0.7434733953665619,XGBoost,20
FFF2013B,0.5479876160990712,1.0540785922254172,0.7396686887563471,SVM,20
FFF2013J,0.52078777551651,1.3585307598114014,0.7552235126495361,CNN,20
FFF2013J,0.4989059080962801,2.462553264973755,0.6978558041664837,KNN,20
FFF2013J,0.5382932166301969,1.0437720358055913,0.7485331276188881,FOR,20
FFF2013J,0.5010940919037199,1.3575542253065351,0.7247918666203456,XGBoost,20
FFF2013J,0.5645514223194749,1.0392823638383302,0.7556018517183567,SVM,20
FFF2014B,0.5099999904632568,1.401641845703125,0.7384852170944214,CNN,20
FFF2014B,0.49666666666666665,1.8555562310829532,0.7191252358830704,KNN,20
FFF2014B,0.55,1.0153637367656931,0.7715986241783814,FOR,20
FFF2014B,0.5166666666666667,1.3584142748639203,0.7195892945751782,XGBoost,20
FFF2014B,0.57,1.0329178480709493,0.7812727735123275,SVM,20
FFF2014J,0.5771670341491699,1.0482507944107056,0.8037753105163574,CNN,20
FFF2014J,0.5665961945031712,1.5812128358216102,0.7258715172799985,KNN,20
FFF2014J,0.5623678646934461,1.0300530438890447,0.7422184519631009,FOR,20
FFF2014J,0.5708245243128964,1.3495336792883532,0.7480808986532709,XGBoost,20
FFF2014J,0.5687103594080338,1.0372938788754817,0.7543104798159642,SVM,20
DDD2013B,0.524904191493988,1.1617703437805176,0.7615296840667725,CNN,20
DDD2013B,0.4942528735632184,2.082268341643995,0.6754483742630294,KNN,20
DDD2013B,0.5402298850574713,1.022419071715631,0.7303563560747467,FOR,20
DDD2013B,0.5057471264367817,1.355195332145071,0.6781097919747344,XGBoost,20
DDD2013B,0.5210727969348659,1.0369363074206295,0.7259111817301473,SVM,20
GGG2013J,0.47643980383872986,1.3270989656448364,0.7245323657989502,CNN,20
GGG2013J,0.44502617801047123,1.878468242512439,0.5759889265604948,KNN,20
GGG2013J,0.4712041884816754,1.1744731151264503,0.6214256675993033,FOR,20
GGG2013J,0.43455497382198954,1.3669572374255563,0.596434634931096,XGBoost,20
GGG2013J,0.4869109947643979,1.163791584078458,0.5953478523091115,SVM,20
GGG2014J,0.4333333373069763,1.3661108016967773,0.6463703513145447,CNN,20
GGG2014J,0.36,2.876002192329176,0.5872317708333333,KNN,20
GGG2014J,0.4533333333333333,1.2672051141671787,0.6189409432870371,FOR,20
GGG2014J,0.44,1.3739019882685188,0.5559142939814815,XGBoost,20
GGG2014J,0.43333333333333335,1.2765570744502286,0.5951212384259259,SVM,20
EEE2013J,0.5734597444534302,1.1033844947814941,0.7896124124526978,CNN,20
EEE2013J,0.6161137440758294,2.2560486679095697,0.7228556701030927,KNN,20
EEE2013J,0.6018957345971564,1.0440588446888621,0.7208062188793042,FOR,20
EEE2013J,0.5639810426540285,1.3536119261699697,0.6960629427028544,XGBoost,20
EEE2013J,0.5971563981042654,1.0450037161368109,0.709275527736868,SVM,20
AAA2013J,0.701298713684082,1.0886415243148804,0.8336144685745239,CNN,20
AAA2013J,0.6103896103896104,2.2104651873777823,0.6375014838556505,KNN,20
AAA2013J,0.7012987012987013,1.3088822230021984,0.6752730294396961,FOR,20
AAA2013J,0.6883116883116883,1.3336686444273336,0.5942248338081672,XGBoost,20
AAA2013J,0.6753246753246753,0.9011888841913345,0.6751839981006649,SVM,20
BBB2013B,0.4717514216899872,1.3866379261016846,0.6766733527183533,CNN,20
BBB2013B,0.4661016949152542,2.0929923930423455,0.6654830529174398,KNN,20
BBB2013B,0.5084745762711864,1.1352237047160667,0.7006460605670558,FOR,20
BBB2013B,0.4548022598870056,1.364587334484906,0.6646336558890542,XGBoost,20
BBB2013B,0.5,1.1368934549832632,0.7046358817158014,SVM,20
BBB2014B,0.5479876399040222,1.1478326320648193,0.7791824340820312,CNN,20
BBB2014B,0.5046439628482973,1.5145737795165288,0.6947037945633698,KNN,20
BBB2014B,0.5201238390092879,1.0817738019396688,0.7163517922011416,FOR,20
BBB2014B,0.5386996904024768,1.3552624101678992,0.7368635350240114,XGBoost,20
BBB2014B,0.5170278637770898,1.1024089421072572,0.7286792143526929,SVM,20
BBB2014J,0.5403050184249878,1.5771015882492065,0.7487472295761108,CNN,20
BBB2014J,0.5294117647058824,2.091296996244491,0.6834124662137482,KNN,20
BBB2014J,0.579520697167756,1.0553016638726704,0.6966466140696911,FOR,20
BBB2014J,0.5490196078431373,1.3525764424041709,0.7075936883629191,XGBoost,20
BBB2014J,0.5860566448801743,1.0667823225750293,0.6799694097450507,SVM,20
GGG2014B,0.4371257424354553,1.2714135646820068,0.7034673690795898,CNN,20
GGG2014B,0.4251497005988024,2.233668063724465,0.6284766214177978,KNN,20
GGG2014B,0.38323353293413176,1.4440416807560705,0.6149270092652445,FOR,20
GGG2014B,0.437125748502994,1.36931180722657,0.6376467894850247,XGBoost,20
GGG2014B,0.4550898203592814,1.2068095486876202,0.660405982905983,SVM,20
DDD2014J,0.623268723487854,1.0441410541534424,0.8094921708106995,CNN,30
DDD2014J,0.5844875346260388,1.7725556096212443,0.7523357949967036,KNN,30
DDD2014J,0.5983379501385041,0.963848006542424,0.7572316512221327,FOR,30
DDD2014J,0.5983379501385041,1.345933283461759,0.7248979306014963,XGBoost,30
DDD2014J,0.6398891966759003,0.9564847968982114,0.7693822738167017,SVM,30
AAA2014J,0.6301369667053223,1.2662012577056885,0.7156126499176025,CNN,30
AAA2014J,0.6575342465753424,2.699827249329709,0.6442927040753127,KNN,30
AAA2014J,0.6027397260273972,1.114934632214622,0.605485878855444,FOR,30
AAA2014J,0.5753424657534246,1.3454076337978256,0.6354050538833147,XGBoost,30
AAA2014J,0.6301369863013698,1.055958324775373,0.5594729344729344,SVM,30
BBB2013J,0.5691964030265808,1.1637089252471924,0.7803299427032471,CNN,30
BBB2013J,0.5446428571428571,2.2413996317021154,0.6967580948516026,KNN,30
BBB2013J,0.5870535714285714,1.0110389864296323,0.7329361978550447,FOR,30
BBB2013J,0.5848214285714286,1.3490970974350296,0.7433268645114576,XGBoost,30
BBB2013J,0.5647321428571429,1.0459187212622827,0.7187279255520534,SVM,30
CCC2014B,0.5798969268798828,1.2293882369995117,0.7842613458633423,CNN,30
CCC2014B,0.5824742268041238,2.1587842529190273,0.7498332802933868,KNN,30
CCC2014B,0.6262886597938144,0.957158244597468,0.7861562531571397,FOR,30
CCC2014B,0.5747422680412371,1.3476132768039093,0.7454963831807803,XGBoost,30
CCC2014B,0.6030927835051546,0.9535951679535207,0.7878495484027398,SVM,30
CCC2014J,0.5720000267028809,1.7269622087478638,0.7524601221084595,CNN,30
CCC2014J,0.55,1.8471876079425105,0.6996638986691366,KNN,30
CCC2014J,0.588,0.9866408067242918,0.7587624977934726,FOR,30
CCC2014J,0.57,1.3500699038706094,0.7345589322682669,XGBoost,30
CCC2014J,0.582,1.0003849081430531,0.753788851311939,SVM,30
DDD2013J,0.5850515365600586,1.0419672727584839,0.8092362880706787,CNN,30
DDD2013J,0.5798969072164949,1.6681539936752432,0.7053175255248644,KNN,30
DDD2013J,0.5850515463917526,0.969192871743957,0.7610891441635589,FOR,30
DDD2013J,0.5618556701030928,1.3497379381372563,0.738794406939265,XGBoost,30
DDD2013J,0.5824742268041238,0.9853631848086652,0.773150325756298,SVM,30
DDD2014B,0.5243902206420898,1.23734712600708,0.7576370239257812,CNN,30
DDD2014B,0.573170731707317,1.4208413698374773,0.7537474168798574,KNN,30
DDD2014B,0.5609756097560976,0.9947044750991075,0.7823637623674826,FOR,30
DDD2014B,0.5853658536585366,1.3527029326871012,0.7575403336192027,XGBoost,30
DDD2014B,0.5528455284552846,1.0147342009353448,0.7831890813661646,SVM,30
EEE2014B,0.5755395889282227,1.0920660495758057,0.7976899147033691,CNN,30
EEE2014B,0.5827338129496403,1.6356155547219275,0.7895322722390392,KNN,30
EEE2014B,0.6115107913669064,0.9347388913389788,0.8042167106076881,FOR,30
EEE2014B,0.5539568345323741,1.3492411385409984,0.781243784063333,XGBoost,30
EEE2014B,0.5899280575539568,0.9548759562344026,0.7958716235032024,SVM,30
EEE2014J,0.5378151535987854,1.2895394563674927,0.7417349219322205,CNN,30
EEE2014J,0.5966386554621849,1.8146550346522095,0.7478927772317733,KNN,30
EEE2014J,0.6302521008403361,0.938981004370756,0.7810992112588927,FOR,30
EEE2014J,0.5840336134453782,1.3486479889227783,0.7567229453319099,XGBoost,30
EEE2014J,0.6386554621848739,0.9308037631556364,0.7932939856619737,SVM,30
FFF2013B,0.5696594715118408,1.7511909008026123,0.7847148180007935,CNN,30
FFF2013B,0.5479876160990712,1.285748934688402,0.7640671990965121,KNN,30
FFF2013B,0.5603715170278638,0.9893493570686127,0.7817993220323359,FOR,30
FFF2013B,0.5572755417956656,1.351830490823817,0.7612940688684545,XGBoost,30
FFF2013B,0.5727554179566563,0.9883644453760425,0.7865933328651673,SVM,30
FFF2013J,0.579868733882904,1.2269209623336792,0.7744040489196777,CNN,30
FFF2013J,0.5404814004376368,1.7556565084384972,0.7499994789234271,KNN,30
FFF2013J,0.5733041575492341,0.9910099843880754,0.7774549488141721,FOR,30
FFF2013J,0.5295404814004376,1.3548736148258995,0.7293406434992195,XGBoost,30
FFF2013J,0.5754923413566739,0.9954747718262725,0.7831249356330262,SVM,30
FFF2014B,0.5366666913032532,1.2787034511566162,0.7698037028312683,CNN,30
FFF2014B,0.5266666666666666,1.1142859346713205,0.7762011729173643,KNN,30
FFF2014B,0.5533333333333333,0.9596296472913098,0.805514637583384,FOR,30
FFF2014B,0.54,1.3533790194133406,0.7527709335021587,XGBoost,30
FFF2014B,0.5666666666666667,1.0016955693578211,0.7868828337419528,SVM,30
FFF2014J,0.6194503307342529,1.145819902420044,0.8206834197044373,CNN,30
FFF2014J,0.5856236786469344,1.9306920805868233,0.7695428008403677,KNN,30
FFF2014J,0.6490486257928119,0.90675308657133,0.801172522449209,FOR,30
FFF2014J,0.6215644820295984,1.3435922450969833,0.7729091804675162,XGBoost,30
FFF2014J,0.6194503171247357,0.9520374804113326,0.7817266318707056,SVM,30
DDD2013B,0.5823754668235779,1.1470670700073242,0.7841732501983643,CNN,30
DDD2013B,0.5555555555555556,1.6612854029700692,0.7014709760758611,KNN,30
DDD2013B,0.6015325670498084,0.9610414377632376,0.7584110094885957,FOR,30
DDD2013B,0.5517241379310345,1.3533629400708043,0.6837182081434955,XGBoost,30
DDD2013B,0.5823754789272031,0.9886752277238082,0.7546336565733117,SVM,30
GGG2013J,0.4921466112136841,1.2478326559066772,0.7252999544143677,CNN,30
GGG2013J,0.5078534031413613,2.191665121567775,0.6239613586884959,KNN,30
GGG2013J,0.49214659685863876,1.3257102410123285,0.6437736399845265,FOR,30
GGG2013J,0.5078534031413613,1.3621594653809501,0.5964107987995119,XGBoost,30
GGG2013J,0.4712041884816754,1.1610901949066377,0.5970135672361413,SVM,30
GGG2014J,0.4266666769981384,1.3588515520095825,0.6432148218154907,CNN,30
GGG2014J,0.38666666666666666,2.016804246093696,0.5779845775462963,KNN,30
GGG2014J,0.36666666666666664,1.3281095060176766,0.5906080729166666,FOR,30
GGG2014J,0.38,1.3728759467719878,0.5690420717592592,XGBoost,30
GGG2014J,0.4066666666666667,1.2517398522479992,0.6469093171296297,SVM,30
EEE2013J,0.6113743782043457,1.1768100261688232,0.7844201326370239,CNN,30
EEE2013J,0.6255924170616114,2.3747431556072347,0.7373184129321831,KNN,30
EEE2013J,0.5924170616113744,1.0237751848112728,0.7476647555929588,FOR,30
EEE2013J,0.6018957345971564,1.3471299368364968,0.726129462094116,XGBoost,30
EEE2013J,0.5971563981042654,1.0315280211804403,0.7321335822988989,SVM,30
AAA2013J,0.701298713684082,1.0916377305984497,0.8321808576583862,CNN,30
AAA2013J,0.6233766233766234,2.267004964718042,0.6252893518518517,KNN,30
AAA2013J,0.7012987012987013,0.8194745643416996,0.7487238841405507,FOR,30
AAA2013J,0.6103896103896104,1.3423231317541728,0.5900551994301995,XGBoost,30
AAA2013J,0.6753246753246753,0.9035666960151268,0.7002166429249764,SVM,30
BBB2013B,0.5282486081123352,1.3416566848754883,0.7371790409088135,CNN,30
BBB2013B,0.5112994350282486,2.4432695610214155,0.6762000092486863,KNN,30
BBB2013B,0.5338983050847458,1.0852474919456134,0.7197169049694375,FOR,30
BBB2013B,0.519774011299435,1.3583003059166099,0.7198095153403571,XGBoost,30
BBB2013B,0.5169491525423728,1.0891393189310856,0.7193978486612282,SVM,30
BBB2014B,0.5603715181350708,1.2625893354415894,0.7482930421829224,CNN,30
BBB2014B,0.5479876160990712,1.43370580567741,0.7320659705949516,KNN,30
BBB2014B,0.5727554179566563,1.0037048586762432,0.7516853038284811,FOR,30
BBB2014B,0.5975232198142415,1.3483273753165084,0.7803256778676452,XGBoost,30
BBB2014B,0.56656346749226,1.029844454663884,0.7541264116741401,SVM,30
BBB2014J,0.6122004389762878,1.0698548555374146,0.8041051030158997,CNN,30
BBB2014J,0.5816993464052288,1.8554690104321163,0.7227861330265176,KNN,30
BBB2014J,0.6230936819172114,0.959587432837923,0.7507628205128204,FOR,30
BBB2014J,0.599128540305011,1.3455970279391918,0.7510349733362555,XGBoost,30
BBB2014J,0.6252723311546841,0.985953204810348,0.7396442399006501,SVM,30
GGG2014B,0.4371257424354553,1.279018521308899,0.7066047191619873,CNN,30
GGG2014B,0.47904191616766467,2.6277890652419384,0.6251510540113482,KNN,30
GGG2014B,0.40119760479041916,1.194348212875621,0.661244882568412,FOR,30
GGG2014B,0.4550898203592814,1.364989857686113,0.6961594124829419,XGBoost,30
GGG2014B,0.437125748502994,1.1707791267541376,0.6847868634633341,SVM,30
DDD2014J,0.6121883392333984,0.982826828956604,0.8276051878929138,CNN,40
DDD2014J,0.590027700831025,1.6637783123837042,0.7629765782163043,KNN,40
DDD2014J,0.6371191135734072,0.9229318927114,0.7722618235913966,FOR,40
DDD2014J,0.590027700831025,1.345317763665532,0.7210814777822231,XGBoost,40
DDD2014J,0.6177285318559557,0.947043714839722,0.775915272948915,SVM,40
AAA2014J,0.6301369667053223,1.2683978080749512,0.7967411279678345,CNN,40
AAA2014J,0.6575342465753424,3.1492183416660167,0.6284869317478012,KNN,40
AAA2014J,0.6301369863013698,1.4443247228938747,0.6319459928155581,FOR,40
AAA2014J,0.6164383561643836,1.3422733702366054,0.6031617738139478,XGBoost,40
AAA2014J,0.6301369863013698,1.0253898230752954,0.6059736157562244,SVM,40
BBB2013J,0.5982142686843872,1.0114614963531494,0.8207509517669678,CNN,40
BBB2013J,0.5758928571428571,1.8936506627182754,0.7247243794821313,KNN,40
BBB2013J,0.5959821428571429,0.9845375850790229,0.7359760072865694,FOR,40
BBB2013J,0.6138392857142857,1.3469049495717764,0.7504228012512896,XGBoost,40
BBB2013J,0.5892857142857143,1.0115075611620514,0.7398535104179484,SVM,40
CCC2014B,0.6056700944900513,1.2571475505828857,0.8332979083061218,CNN,40
CCC2014B,0.5902061855670103,2.205651976788042,0.7575555631326907,KNN,40
CCC2014B,0.6056701030927835,0.9251941493442946,0.7882712437614919,FOR,40
CCC2014B,0.6108247422680413,1.3422001065242828,0.7632028298074397,XGBoost,40
CCC2014B,0.6082474226804123,0.9251513875591042,0.7971112171910044,SVM,40
CCC2014J,0.578000009059906,1.0338767766952515,0.8204366564750671,CNN,40
CCC2014J,0.574,1.6463624810015525,0.7081721825473997,KNN,40
CCC2014J,0.638,0.913833589895312,0.7978427993577563,FOR,40
CCC2014J,0.58,1.3471039665903555,0.7544152734795363,XGBoost,40
CCC2014J,0.596,0.950348411570507,0.7795480013137812,SVM,40
DDD2013J,0.6159793734550476,1.0573290586471558,0.8090181350708008,CNN,40
DDD2013J,0.5902061855670103,1.5478594439545617,0.7347450529471108,KNN,40
DDD2013J,0.6237113402061856,0.9331398412834849,0.7675203910012555,FOR,40
DDD2013J,0.6056701030927835,1.3458813508202627,0.7308176623628105,XGBoost,40
DDD2013J,0.6108247422680413,0.9348102636085713,0.7887725148198815,SVM,40
DDD2014B,0.3983739912509918,1.3264819383621216,0.6730533838272095,CNN,40
DDD2014B,0.5650406504065041,1.8120031319012413,0.760433511456577,KNN,40
DDD2014B,0.5975609756097561,0.9760890878411518,0.7962458754869469,FOR,40
DDD2014B,0.5813008130081301,1.3486312708597445,0.7676073857249452,XGBoost,40
DDD2014B,0.5609756097560976,0.9713966846862309,0.7962109745963911,SVM,40
EEE2014B,0.5467625856399536,1.2373218536376953,0.7476062178611755,CNN,40
EEE2014B,0.5971223021582733,1.3620398984742796,0.7990256575782891,KNN,40
EEE2014B,0.6402877697841727,0.885095430848535,0.8156988792327139,FOR,40
EEE2014B,0.5899280575539568,1.3429264393189229,0.7957313919719935,XGBoost,40
EEE2014B,0.60431654676259,0.9092452380545981,0.8083839649629123,SVM,40
EEE2014J,0.6260504126548767,1.0707436800003052,0.8045336008071899,CNN,40
EEE2014J,0.6176470588235294,1.5102993321029565,0.7584254040572856,KNN,40
EEE2014J,0.6218487394957983,0.9227418646022263,0.771530767638167,FOR,40
EEE2014J,0.6260504201680672,1.3445156741901756,0.736565791618025,XGBoost,40
EEE2014J,0.6512605042016807,0.8926402878269383,0.7856990993418012,SVM,40
FFF2013B,0.5789473652839661,1.0647391080856323,0.8026212453842163,CNN,40
FFF2013B,0.5851393188854489,1.203821262930944,0.800710623314723,KNN,40
FFF2013B,0.6099071207430341,0.8817093642886263,0.822868296066822,FOR,40
FFF2013B,0.6099071207430341,1.3435216516260602,0.8019276544414656,XGBoost,40
FFF2013B,0.628482972136223,0.8937989599208198,0.8146344313649009,SVM,40
FFF2013J,0.5733041763305664,1.4654461145401,0.8013684153556824,CNN,40
FFF2013J,0.5557986870897156,1.7667434061054137,0.770535926320716,KNN,40
FFF2013J,0.612691466083151,0.9023492616152996,0.8136718945375904,FOR,40
FFF2013J,0.5776805251641138,1.3459157688406582,0.7824768187227735,XGBoost,40
FFF2013J,0.6083150984682714,0.9357074315523274,0.8109052284618627,SVM,40
FFF2014B,0.5699999928474426,2.4866368770599365,0.7581555843353271,CNN,40
FFF2014B,0.57,1.276690243982054,0.7989929748399541,KNN,40
FFF2014B,0.6333333333333333,0.8305752599195313,0.8468987079800181,FOR,40
FFF2014B,0.5866666666666667,1.3444296018005824,0.7872567532223093,XGBoost,40
FFF2014B,0.6066666666666667,0.8605072828551751,0.839653665394772,SVM,40
FFF2014J,0.6321353316307068,1.2028005123138428,0.7840057611465454,CNN,40
FFF2014J,0.642706131078224,2.09915630211955,0.800314021633126,KNN,40
FFF2014J,0.693446088794926,0.7896572552207625,0.8388465325709347,FOR,40
FFF2014J,0.6680761099365751,1.3346956635719003,0.8003806575234446,XGBoost,40
FFF2014J,0.6892177589852009,0.8218496043440319,0.8260807426032373,SVM,40
DDD2013B,0.5632184147834778,1.3354380130767822,0.7421231269836426,CNN,40
DDD2013B,0.5363984674329502,1.4628287006851128,0.7457487834643007,KNN,40
DDD2013B,0.6053639846743295,0.9119365212663467,0.7847324689997105,FOR,40
DDD2013B,0.6015325670498084,1.3486552560958045,0.6696541538495562,XGBoost,40
DDD2013B,0.5862068965517241,0.9755835101796839,0.7469481348791694,SVM,40
GGG2013J,0.5287958383560181,1.309041142463684,0.7601674199104309,CNN,40
GGG2013J,0.5706806282722513,1.9048166878087494,0.6955751824849888,KNN,40
GGG2013J,0.5026178010471204,1.1613001378337342,0.6644242154288252,FOR,40
GGG2013J,0.5340314136125655,1.3552684089673153,0.6554838964971206,XGBoost,40
GGG2013J,0.4973821989528796,1.137252163493609,0.6557446868026119,SVM,40
GGG2014J,0.4399999976158142,1.3369524478912354,0.6733258962631226,CNN,40
GGG2014J,0.4533333333333333,2.542171710785185,0.6649025462962963,KNN,40
GGG2014J,0.4533333333333333,1.5133359758153524,0.6357440104166666,FOR,40
GGG2014J,0.47333333333333333,1.3680292204342863,0.6587778356481482,XGBoost,40
GGG2014J,0.4666666666666667,1.1988346983991682,0.6799859953703704,SVM,40
EEE2013J,0.6113743782043457,1.1929924488067627,0.788624107837677,CNN,40
EEE2013J,0.6113744075829384,1.5511139827028695,0.7718923399256609,KNN,40
EEE2013J,0.6161137440758294,1.0022109738441523,0.7524737972508592,FOR,40
EEE2013J,0.6161137440758294,1.3433832059039261,0.7763465705869977,XGBoost,40
EEE2013J,0.6161137440758294,1.0051913249284876,0.7390270881548496,SVM,40
AAA2013J,0.6883116960525513,1.2638869285583496,0.822117269039154,CNN,40
AAA2013J,0.5844155844155844,2.2385403591519784,0.6736778846153847,KNN,40
AAA2013J,0.7532467532467533,1.1621807064417684,0.7677394943019943,FOR,40
AAA2013J,0.6493506493506493,1.3364074642165973,0.5922216286799621,XGBoost,40
AAA2013J,0.6753246753246753,0.8915551985493756,0.7180229107312441,SVM,40
BBB2013B,0.5677965879440308,1.0635240077972412,0.7952150106430054,CNN,40
BBB2013B,0.519774011299435,2.319851208901163,0.6882112887292074,KNN,40
BBB2013B,0.5677966101694916,1.0363895551100775,0.7460200439682009,FOR,40
BBB2013B,0.536723163841808,1.351258716581057,0.747257201513117,XGBoost,40
BBB2013B,0.556497175141243,1.0428070547430472,0.7501588499690405,SVM,40
BBB2014B,0.594427227973938,1.0300445556640625,0.8137893676757812,CNN,40
BBB2014B,0.5541795665634675,1.4003393348867395,0.7521732555088425,KNN,40
BBB2014B,0.5944272445820433,0.9303717867497905,0.7774929657460984,FOR,40
BBB2014B,0.6006191950464397,1.3454816241972898,0.7707177386740991,XGBoost,40
BBB2014B,0.5758513931888545,0.9959268713779068,0.761501461486659,SVM,40
BBB2014J,0.6100217700004578,1.2930117845535278,0.8116702437400818,CNN,40
BBB2014J,0.599128540305011,1.4978120182568566,0.767963081671415,KNN,40
BBB2014J,0.6252723311546841,0.9715523522887747,0.762918721236029,FOR,40
BBB2014J,0.6100217864923747,1.3452642566170168,0.7562701804368471,XGBoost,40
BBB2014J,0.6252723311546841,0.9760231676474395,0.7610372014025861,SVM,40
GGG2014B,0.4491018056869507,1.522236704826355,0.7015012502670288,CNN,40
GGG2014B,0.5209580838323353,1.8861536687205946,0.7018336565395389,KNN,40
GGG2014B,0.47305389221556887,1.0879209027263261,0.7212093747755514,FOR,40
GGG2014B,0.5808383233532934,1.3579461285497902,0.7206383322559793,XGBoost,40
GGG2014B,0.47904191616766467,1.1425300725628824,0.7049643575378871,SVM,40
DDD2014J,0.6537396311759949,1.0562156438827515,0.8299864530563354,CNN,50
DDD2014J,0.628808864265928,1.3467045404448612,0.7711333812071625,KNN,50
DDD2014J,0.631578947368421,0.9231108369230232,0.7616953340273747,FOR,50
DDD2014J,0.6509695290858726,1.339464547451297,0.74047737533082,XGBoost,50
DDD2014J,0.6204986149584487,0.9321484316815734,0.7753507010381506,SVM,50
AAA2014J,0.6712328791618347,1.0394994020462036,0.8203539848327637,CNN,50
AAA2014J,0.684931506849315,2.638086139730103,0.6891010157314504,KNN,50
AAA2014J,0.6438356164383562,1.7901225257656113,0.6884832156571287,FOR,50
AAA2014J,0.6164383561643836,1.3366685453733413,0.6295553078161774,XGBoost,50
AAA2014J,0.6164383561643836,1.0148362960857042,0.6014647590734548,SVM,50
BBB2013J,0.6361607313156128,1.087530493736267,0.8472692966461182,CNN,50
BBB2013J,0.578125,1.7950608550596527,0.7429501160266665,KNN,50
BBB2013J,0.6071428571428571,0.9095943711126607,0.7737399117534777,FOR,50
BBB2013J,0.6183035714285714,1.3423018217511866,0.7680951956993624,XGBoost,50
BBB2013J,0.6049107142857143,0.9379443219843505,0.7755077418812885,SVM,50
CCC2014B,0.6211340427398682,0.9572604298591614,0.8442426919937134,CNN,50
CCC2014B,0.5927835051546392,2.1053971452062297,0.7661285940878139,KNN,50
CCC2014B,0.6237113402061856,0.8751305243745824,0.7975911403083388,FOR,50
CCC2014B,0.6288659793814433,1.3413239331553162,0.7671324483239378,XGBoost,50
CCC2014B,0.6365979381443299,0.8797316309140394,0.8059377765654361,SVM,50
CCC2014J,0.5879999995231628,1.0618387460708618,0.8138973116874695,CNN,50
CCC2014J,0.594,1.722429872397815,0.7248779190672331,KNN,50
CCC2014J,0.63,0.8805696468159382,0.8021813180942002,FOR,50
CCC2014J,0.586,1.3453912050107055,0.7480129365409414,XGBoost,50
CCC2014J,0.602,0.9113607306352697,0.8029777054999295,SVM,50
DDD2013J,0.6185566782951355,1.0713648796081543,0.8154327273368835,CNN,50
DDD2013J,0.5850515463917526,1.3691246125650935,0.7588560601446696,KNN,50
DDD2013J,0.6314432989690721,0.8677485006635075,0.7990719517737008,FOR,50
DDD2013J,0.6134020618556701,1.341265803797934,0.7828801771983084,XGBoost,50
DDD2013J,0.6365979381443299,0.879613681851515,0.8046601714515051,SVM,50
DDD2014B,0.6056910753250122,1.1179383993148804,0.8045227527618408,CNN,50
DDD2014B,0.556910569105691,2.8892461617122156,0.7472449115864294,KNN,50
DDD2014B,0.6219512195121951,0.8926148458703522,0.8287272107026572,FOR,50
DDD2014B,0.6219512195121951,1.3439559806132755,0.8070944501376048,XGBoost,50
DDD2014B,0.5975609756097561,0.9157633828365644,0.8181576539091421,SVM,50
EEE2014B,0.5755395889282227,1.266392469406128,0.7863895893096924,CNN,50
EEE2014B,0.6906474820143885,1.0269200280782418,0.8268745908783504,KNN,50
EEE2014B,0.6834532374100719,0.7626078849464316,0.8533212992799459,FOR,50
EEE2014B,0.6834532374100719,1.332801911546005,0.8426737840271675,XGBoost,50
EEE2014B,0.6690647482014388,0.7910176753753249,0.8467848915217336,SVM,50
EEE2014J,0.6470588445663452,1.033048152923584,0.8237884044647217,CNN,50
EEE2014J,0.6092436974789915,1.4742654844739775,0.78257417729297,KNN,50
EEE2014J,0.6218487394957983,0.8585501973061979,0.8193983302651754,FOR,50
EEE2014J,0.6218487394957983,1.3421805914570668,0.7641664504820916,XGBoost,50
EEE2014J,0.6428571428571429,0.8683879231709429,0.8063470128280601,SVM,50
FFF2013B,0.5975232124328613,1.0501526594161987,0.8351752161979675,CNN,50
FFF2013B,0.6346749226006192,1.2607642147272935,0.8147788002841988,KNN,50
FFF2013B,0.5851393188854489,0.8897758701354417,0.8147284132951427,FOR,50
FFF2013B,0.6253869969040248,1.3401149777778278,0.8020564986799169,XGBoost,50
FFF2013B,0.6130030959752322,0.8841926820822514,0.8178127913909822,SVM,50
FFF2013J,0.6126914620399475,1.0456606149673462,0.8226653933525085,CNN,50
FFF2013J,0.5886214442013129,1.6948725387836676,0.7984409482386828,KNN,50
FFF2013J,0.6214442013129103,0.8213712196994944,0.8301581659186837,FOR,50
FFF2013J,0.612691466083151,1.3397259307688927,0.8085883173261813,XGBoost,50
FFF2013J,0.6411378555798687,0.8618040675939277,0.8283413672572246,SVM,50
FFF2014B,0.6066666841506958,1.0465854406356812,0.8195092678070068,CNN,50
FFF2014B,0.5766666666666667,1.247477922948444,0.793234474290375,KNN,50
FFF2014B,0.63,0.8193215736738039,0.8453425671981574,FOR,50
FFF2014B,0.5733333333333334,1.3411252106421874,0.7886126582025792,XGBoost,50
FFF2014B,0.62,0.8520946324007469,0.8355593932386703,SVM,50
FFF2014J,0.7019027471542358,0.8330559730529785,0.885170578956604,CNN,50
FFF2014J,0.6744186046511628,1.792455970643028,0.804013876197669,KNN,50
FFF2014J,0.693446088794926,0.7503397291147921,0.8483086592490036,FOR,50
FFF2014J,0.6871035940803383,1.3313202084893518,0.8010689955407378,XGBoost,50
FFF2014J,0.6997885835095138,0.7855274744453363,0.8288039243845154,SVM,50
DDD2013B,0.6015325784683228,1.830950379371643,0.7642870545387268,CNN,50
DDD2013B,0.6015325670498084,1.5397295232414177,0.7567838783715222,KNN,50
DDD2013B,0.6398467432950191,0.8828265071998556,0.7835749153996282,FOR,50
DDD2013B,0.6168582375478927,1.3418572116668048,0.7441393483060149,XGBoost,50
DDD2013B,0.6053639846743295,0.9545654143187631,0.753757191616387,SVM,50
GGG2013J,0.5654450058937073,1.1834238767623901,0.7827498912811279,CNN,50
GGG2013J,0.5916230366492147,1.513461013765714,0.7395391576046725,KNN,50
GGG2013J,0.5863874345549738,1.0066298005508048,0.7313390166516913,FOR,50
GGG2013J,0.6073298429319371,1.3487881712014602,0.7299695051022113,XGBoost,50
GGG2013J,0.5654450261780105,1.0261246492105913,0.7124857239054484,SVM,50
GGG2014J,0.46666666865348816,1.316909909248352,0.6921777725219727,CNN,50
GGG2014J,0.46,2.217316471479227,0.7195731770833333,KNN,50
GGG2014J,0.5333333333333333,1.095299748494029,0.7625816550925926,FOR,50
GGG2014J,0.5066666666666667,1.359945616677951,0.7477642361111111,XGBoost,50
GGG2014J,0.5266666666666666,1.0724963536771726,0.7536348958333333,SVM,50
EEE2013J,0.6445497870445251,1.1768794059753418,0.8107185363769531,CNN,50
EEE2013J,0.6492890995260664,1.781876855810615,0.8062767725646959,KNN,50
EEE2013J,0.6255924170616114,0.9273879877631271,0.7977184935830003,FOR,50
EEE2013J,0.6161137440758294,1.3399451087948617,0.7901507468966967,XGBoost,50
EEE2013J,0.6255924170616114,0.9341274787827657,0.7890686408584052,SVM,50
AAA2013J,0.7142857313156128,1.1850320100784302,0.8275706768035889,CNN,50
AAA2013J,0.6363636363636364,3.571074839896208,0.690230294396961,KNN,50
AAA2013J,0.7662337662337663,1.155955267137575,0.7546370489078823,FOR,50
AAA2013J,0.6623376623376623,1.3346241994297234,0.5819681861348528,XGBoost,50
AAA2013J,0.6753246753246753,0.8226534206710807,0.7230531813865148,SVM,50
BBB2013B,0.5677965879440308,1.1144740581512451,0.8110469579696655,CNN,50
BBB2013B,0.5282485875706214,2.557533896005503,0.7036989370597974,KNN,50
BBB2013B,0.5734463276836158,0.9704634116500286,0.7778653802981442,FOR,50
BBB2013B,0.5932203389830508,1.3489848991705833,0.7597971315364355,XGBoost,50
BBB2013B,0.5649717514124294,0.9776945761360497,0.7718061945368125,SVM,50
BBB2014B,0.6253870129585266,1.1986205577850342,0.8311895132064819,CNN,50
BBB2014B,0.5758513931888545,1.229387964798691,0.7946471306222622,KNN,50
BBB2014B,0.6191950464396285,0.8676442843517206,0.8036361138377094,FOR,50
BBB2014B,0.6377708978328174,1.339681500481367,0.8256426406660848,XGBoost,50
BBB2014B,0.5851393188854489,0.9321806519491496,0.7884096778522197,SVM,50
BBB2014J,0.6209150552749634,1.2089629173278809,0.79034024477005,CNN,50
BBB2014J,0.6187363834422658,1.773438217743379,0.7696916137044343,KNN,50
BBB2014J,0.6405228758169934,0.9030564447468754,0.780508145226094,FOR,50
BBB2014J,0.6361655773420479,1.339377856123074,0.7771717985243626,XGBoost,50
BBB2014J,0.6318082788671024,0.9340345598457205,0.7758602892833663,SVM,50
GGG2014B,0.485029935836792,1.2688707113265991,0.7087920308113098,CNN,50
GGG2014B,0.5209580838323353,1.4687932687715655,0.7110557620484089,KNN,50
GGG2014B,0.49101796407185627,1.0678302173460685,0.7397302125978596,FOR,50
GGG2014B,0.5209580838323353,1.3589107253987063,0.6967990016519429,XGBoost,50
GGG2014B,0.49700598802395207,1.0709432527138785,0.7581280973928033,SVM,50
DDD2014J,0.673130214214325,0.9958140254020691,0.8432729244232178,CNN,60
DDD2014J,0.667590027700831,1.2950767105759244,0.7911350623087631,KNN,60
DDD2014J,0.6592797783933518,0.8564521710112077,0.7875807533354372,FOR,60
DDD2014J,0.6814404432132964,1.3344782050159918,0.751270129782922,XGBoost,60
DDD2014J,0.6454293628808865,0.8745138528518436,0.7892063357338337,SVM,60
AAA2014J,0.6301369667053223,1.2892639636993408,0.7534246444702148,CNN,60
AAA2014J,0.6712328767123288,2.196236810663859,0.6864254304471696,KNN,60
AAA2014J,0.684931506849315,1.3566589440923076,0.7052969775795862,FOR,60
AAA2014J,0.6986301369863014,1.3359933925835543,0.6915211197819894,XGBoost,60
AAA2014J,0.6164383561643836,0.9769178135127121,0.6352285395763656,SVM,60
BBB2013J,0.640625,0.9123448133468628,0.8559454679489136,CNN,60
BBB2013J,0.5758928571428571,1.5958933831310205,0.7630392050438077,KNN,60
BBB2013J,0.6495535714285714,0.8696660599422901,0.7786569331651697,FOR,60
BBB2013J,0.6227678571428571,1.3390930166795718,0.7860025895006516,XGBoost,60
BBB2013J,0.6495535714285714,0.8832803025715058,0.787107152913839,SVM,60
CCC2014B,0.6546391844749451,1.731473684310913,0.8445979952812195,CNN,60
CCC2014B,0.6237113402061856,2.222269659225689,0.7827633862722516,KNN,60
CCC2014B,0.6649484536082474,0.7929393406109994,0.8332933639449597,FOR,60
CCC2014B,0.6726804123711341,1.3339894669895833,0.8004296033622275,XGBoost,60
CCC2014B,0.6572164948453608,0.8106464616730187,0.8248260845406236,SVM,60
CCC2014J,0.6499999761581421,1.2137136459350586,0.8451040387153625,CNN,60
CCC2014J,0.594,1.8943008085597604,0.7401490875455043,KNN,60
CCC2014J,0.67,0.8778996801069172,0.8175950920919011,FOR,60
CCC2014J,0.64,1.3372442922094379,0.7742679080019558,XGBoost,60
CCC2014J,0.646,0.868591437384259,0.800958125895126,SVM,60
DDD2013J,0.6391752362251282,1.6127581596374512,0.8212881088256836,CNN,60
DDD2013J,0.5773195876288659,1.4396876231871638,0.7731961596362024,KNN,60
DDD2013J,0.6572164948453608,0.8381965992117711,0.8052757079655691,FOR,60
DDD2013J,0.6391752577319587,1.3368836759024227,0.783490667691097,XGBoost,60
DDD2013J,0.6675257731958762,0.8464665136806467,0.8196983201531648,SVM,60
DDD2014B,0.5731707215309143,1.5431668758392334,0.7834594249725342,CNN,60
DDD2014B,0.5528455284552846,2.8946979346421,0.7448255076603291,KNN,60
DDD2014B,0.6341463414634146,0.8575094112354426,0.8416252852636781,FOR,60
DDD2014B,0.5853658536585366,1.3425631393323423,0.7959383539740683,XGBoost,60
DDD2014B,0.5975609756097561,0.8875880862071271,0.8273380265567768,SVM,60
EEE2014B,0.6258992552757263,1.2043285369873047,0.818901777267456,CNN,60
EEE2014B,0.697841726618705,0.9547213642006321,0.8569747782153798,KNN,60
EEE2014B,0.6906474820143885,0.680444540649498,0.8866933748512696,FOR,60
EEE2014B,0.6690647482014388,1.332949835064036,0.8324776587934481,XGBoost,60
EEE2014B,0.6618705035971223,0.7269050818816086,0.867895116579327,SVM,60
EEE2014J,0.6554622054100037,1.6153173446655273,0.823202908039093,CNN,60
EEE2014J,0.6218487394957983,1.25273126327463,0.8037086723689506,KNN,60
EEE2014J,0.6596638655462185,0.7601443102862289,0.8420838769128177,FOR,60
EEE2014J,0.6260504201680672,1.3369699709262515,0.8008692386810745,XGBoost,60
EEE2014J,0.6890756302521008,0.7691525315663537,0.8427575153241605,SVM,60
FFF2013B,0.62848299741745,1.127403736114502,0.8291510343551636,CNN,60
FFF2013B,0.6191950464396285,1.3175301110354187,0.8346916329914507,KNN,60
FFF2013B,0.6346749226006192,0.806818295570096,0.8413952591627151,FOR,60
FFF2013B,0.6346749226006192,1.3354735886384719,0.8138314005712113,XGBoost,60
FFF2013B,0.631578947368421,0.8023049437470631,0.8469122592340317,SVM,60
FFF2013J,0.6652078628540039,0.9166240692138672,0.8610119819641113,CNN,60
FFF2013J,0.6301969365426696,1.9715520481048472,0.8194616275117893,KNN,60
FFF2013J,0.6761487964989059,0.7389203462962832,0.855751641431253,FOR,60
FFF2013J,0.6105032822757112,1.3363995020987376,0.8226025609520756,XGBoost,60
FFF2013J,0.6608315098468271,0.771731324329325,0.8556089919358528,SVM,60
FFF2014B,0.6299999952316284,1.4829798936843872,0.8178592324256897,CNN,60
FFF2014B,0.6033333333333334,1.4097483980715004,0.8097029981593787,KNN,60
FFF2014B,0.6466666666666666,0.748754403886161,0.8586311127936622,FOR,60
FFF2014B,0.5966666666666667,1.3351764696350024,0.849833023100245,XGBoost,60
FFF2014B,0.6266666666666667,0.7845083036487793,0.8499365173066472,SVM,60
FFF2014J,0.6955602765083313,0.826192319393158,0.880545973777771,CNN,60
FFF2014J,0.6575052854122622,1.6877698309746691,0.8221442639865849,KNN,60
FFF2014J,0.7040169133192389,0.715859450967923,0.8577025734139294,FOR,60
FFF2014J,0.7357293868921776,1.3253624540467295,0.83687943538858,XGBoost,60
FFF2014J,0.7124735729386892,0.7549141465721613,0.8396923568365563,SVM,60
DDD2013B,0.6168582439422607,1.3923585414886475,0.8352319002151489,CNN,60
DDD2013B,0.6206896551724138,1.476931185381766,0.784132713550817,KNN,60
DDD2013B,0.6513409961685823,0.8283219905684577,0.8245039469895792,FOR,60
DDD2013B,0.6130268199233716,1.3392809815956304,0.7876560566934131,XGBoost,60
DDD2013B,0.6053639846743295,0.9310996762690965,0.7646096453567717,SVM,60
GGG2013J,0.5863874554634094,1.2748284339904785,0.7955237030982971,CNN,60
GGG2013J,0.6230366492146597,1.9589169800990363,0.7649736318657442,KNN,60
GGG2013J,0.6073298429319371,0.9483947644022216,0.7694254238652637,FOR,60
GGG2013J,0.6492146596858639,1.3433076625879545,0.7468639923124,XGBoost,60
GGG2013J,0.5863874345549738,0.9969971922195499,0.7466159089249982,SVM,60
GGG2014J,0.4399999976158142,1.43628990650177,0.6916888952255249,CNN,60
GGG2014J,0.5266666666666666,2.1886251047087715,0.7372873553240741,KNN,60
GGG2014J,0.5866666666666667,1.2058595033193884,0.7853814236111111,FOR,60
GGG2014J,0.4866666666666667,1.3572010181613485,0.7450112847222222,XGBoost,60
GGG2014J,0.5,1.0563603320334392,0.7606688078703704,SVM,60
EEE2013J,0.6398104429244995,1.1489237546920776,0.8244087100028992,CNN,60
EEE2013J,0.6919431279620853,1.5660856243995176,0.8286189774879024,KNN,60
EEE2013J,0.6255924170616114,0.8325452643733906,0.8248122589241883,FOR,60
EEE2013J,0.6492890995260664,1.3372420301775605,0.7749093905603478,XGBoost,60
EEE2013J,0.6255924170616114,0.8916430912079059,0.8094449996493442,SVM,60
AAA2013J,0.6883116960525513,1.1756662130355835,0.8479788303375244,CNN,60
AAA2013J,0.6493506493506493,3.1254912237859283,0.6999643874643874,KNN,60
AAA2013J,0.7662337662337663,1.1462684673896886,0.7654246794871794,FOR,60
AAA2013J,0.6493506493506493,1.3305094550005199,0.6537274453941121,XGBoost,60
AAA2013J,0.6753246753246753,0.8147404850978696,0.7292853751187085,SVM,60
BBB2013B,0.5367231369018555,1.680752158164978,0.7557893395423889,CNN,60
BBB2013B,0.5508474576271186,2.6285300042573447,0.7078470050991506,KNN,60
BBB2013B,0.5847457627118644,0.9478089456274642,0.7929985587093071,FOR,60
BBB2013B,0.53954802259887,1.350256331319338,0.7303605928345558,XGBoost,60
BBB2013B,0.5734463276836158,0.9585884913515139,0.7776469624252317,SVM,60
BBB2014B,0.6068111658096313,0.994216799736023,0.8525257706642151,CNN,60
BBB2014B,0.6253869969040248,1.1423860075186834,0.8321204892811496,KNN,60
BBB2014B,0.6377708978328174,0.823879845606442,0.8297457091264802,FOR,60
BBB2014B,0.6377708978328174,1.3374852011812037,0.8178747136263659,XGBoost,60
BBB2014B,0.6099071207430341,0.8851744527579041,0.79837097216556,SVM,60
BBB2014J,0.6339869499206543,1.716219425201416,0.8112042546272278,CNN,60
BBB2014J,0.6078431372549019,1.9244384938059196,0.774051373365476,KNN,60
BBB2014J,0.6601307189542484,0.9291878104619539,0.7921095861640733,FOR,60
BBB2014J,0.6753812636165577,1.3342700542615746,0.7971550515012052,XGBoost,60
BBB2014J,0.6361655773420479,0.9061130366735691,0.7869127766820075,SVM,60
GGG2014B,0.56886225938797,1.3225752115249634,0.7320687770843506,CNN,60
GGG2014B,0.5688622754491018,1.609251677408806,0.742014472455649,KNN,60
GGG2014B,0.5508982035928144,1.1977555019807204,0.7558828916181858,FOR,60
GGG2014B,0.5568862275449101,1.3535129758116937,0.7449192882281118,XGBoost,60
GGG2014B,0.5149700598802395,1.0404506811383765,0.7697718702865761,SVM,60
DDD2014J,0.673130214214325,0.8832221031188965,0.8667162656784058,CNN,70
DDD2014J,0.6620498614958449,1.6892660155658152,0.770776496368257,KNN,70
DDD2014J,0.6426592797783933,0.8404827834105068,0.7911496398779839,FOR,70
DDD2014J,0.6925207756232687,1.3326809939967934,0.7865266163463183,XGBoost,70
DDD2014J,0.6481994459833795,0.8577769774687534,0.7935979847442378,SVM,70
AAA2014J,0.6438356041908264,0.9272907972335815,0.864514946937561,CNN,70
AAA2014J,0.6712328767123288,2.1424712735815574,0.7178372352285396,KNN,70
AAA2014J,0.7123287671232876,0.8589324008943824,0.7574476650563607,FOR,70
AAA2014J,0.684931506849315,1.3350789665872052,0.6839960361699492,XGBoost,70
AAA2014J,0.6712328767123288,0.9518895213878944,0.6768239811718072,SVM,70
BBB2013J,0.6584821343421936,0.8978615403175354,0.8766608238220215,CNN,70
BBB2013J,0.65625,1.337129610010938,0.7958361211086502,KNN,70
BBB2013J,0.6852678571428571,0.7800078242643486,0.8120639643338287,FOR,70
BBB2013J,0.65625,1.3328669000771476,0.8118625809662632,XGBoost,70
BBB2013J,0.6696428571428571,0.7844377778925578,0.8219705159361167,SVM,70
CCC2014B,0.6494845151901245,1.0800127983093262,0.8417771458625793,CNN,70
CCC2014B,0.6211340206185567,2.1460515921764483,0.7784552342850216,KNN,70
CCC2014B,0.6804123711340206,0.7813450652711539,0.8345576493705926,FOR,70
CCC2014B,0.6726804123711341,1.3329329992448633,0.797930780343901,XGBoost,70
CCC2014B,0.6649484536082474,0.8230050918314723,0.8203956577963671,SVM,70
CCC2014J,0.6499999761581421,0.8751290440559387,0.8681060075759888,CNN,70
CCC2014J,0.598,1.7890330502948517,0.7602814610530674,KNN,70
CCC2014J,0.668,0.7981938920364264,0.8152083110964995,FOR,70
CCC2014J,0.658,1.3353015226825495,0.7807126609863192,XGBoost,70
CCC2014J,0.648,0.841241491738548,0.8064972392805793,SVM,70
DDD2013J,0.6701030731201172,0.9263035655021667,0.8561174273490906,CNN,70
DDD2013J,0.6056701030927835,1.5890124258032456,0.771414782363248,KNN,70
DDD2013J,0.6932989690721649,0.7808828236110105,0.8162234854518423,FOR,70
DDD2013J,0.6649484536082474,1.3347616308308923,0.811862141917933,XGBoost,70
DDD2013J,0.6649484536082474,0.8060353601882646,0.8308816599672681,SVM,70
DDD2014B,0.6056910753250122,0.9892032146453857,0.8301330804824829,CNN,70
DDD2014B,0.5650406504065041,3.275589244637351,0.750278071520631,KNN,70
DDD2014B,0.6788617886178862,0.8137813535624591,0.8573854978244858,FOR,70
DDD2014B,0.6056910569105691,1.3420179290002416,0.7884819036232726,XGBoost,70
DDD2014B,0.6382113821138211,0.832487685345672,0.8405259450646355,SVM,70
EEE2014B,0.597122311592102,1.3158773183822632,0.7810240983963013,CNN,70
EEE2014B,0.6906474820143885,1.200584281299076,0.8527501564155698,KNN,70
EEE2014B,0.6762589928057554,0.7050332018919048,0.8768486873750033,FOR,70
EEE2014B,0.5971223021582733,1.3380816745974156,0.7899765647885948,XGBoost,70
EEE2014B,0.6690647482014388,0.7211953412207941,0.8673305739095213,SVM,70
EEE2014J,0.651260495185852,1.9365190267562866,0.8549065589904785,CNN,70
EEE2014J,0.6428571428571429,1.325296835579611,0.8265203751883301,KNN,70
EEE2014J,0.6932773109243697,0.6994674578474982,0.8584582526798572,FOR,70
EEE2014J,0.6554621848739496,1.3323330435717289,0.8263580132970144,XGBoost,70
EEE2014J,0.7058823529411765,0.7093875929603318,0.8630694696659781,SVM,70
FFF2013B,0.6501547694206238,1.909629464149475,0.849798858165741,CNN,70
FFF2013B,0.6780185758513931,1.169780631951869,0.8533768485285999,KNN,70
FFF2013B,0.628482972136223,0.7418001639809754,0.8489554982597802,FOR,70
FFF2013B,0.6749226006191951,1.3317030377771653,0.8359767210442871,XGBoost,70
FFF2013B,0.6718266253869969,0.760093635810841,0.85695830446713,SVM,70
FFF2013J,0.6411378383636475,0.9214764833450317,0.8529448509216309,CNN,70
FFF2013J,0.6214442013129103,2.174723777457889,0.8099425116819939,KNN,70
FFF2013J,0.7024070021881839,0.6741547734368759,0.872799782427614,FOR,70
FFF2013J,0.6564551422319475,1.3310303415135307,0.8433478278947534,XGBoost,70
FFF2013J,0.6717724288840262,0.7189091417721738,0.8686300805232845,SVM,70
FFF2014B,0.6433333158493042,1.2765434980392456,0.8245240449905396,CNN,70
FFF2014B,0.6233333333333333,1.24748601974884,0.8325825636578742,KNN,70
FFF2014B,0.6766666666666666,0.7160705671965788,0.8663846076519001,FOR,70
FFF2014B,0.6366666666666667,1.3331399498802303,0.8269647450548071,XGBoost,70
FFF2014B,0.6533333333333333,0.7355832555401121,0.8634972527159146,SVM,70
FFF2014J,0.6532769799232483,0.9961703419685364,0.8683958649635315,CNN,70
FFF2014J,0.6723044397463002,1.6800881757026807,0.8186261031525818,KNN,70
FFF2014J,0.7251585623678647,0.6922658228441166,0.8620635156384889,FOR,70
FFF2014J,0.7209302325581395,1.324145274653119,0.850406254277908,XGBoost,70
FFF2014J,0.7061310782241015,0.7469953767153018,0.8450548010343071,SVM,70
DDD2013B,0.6206896305084229,1.913595199584961,0.8152283430099487,CNN,70
DDD2013B,0.6053639846743295,1.476236412606864,0.7783994687730321,KNN,70
DDD2013B,0.6475095785440613,0.8023480190966744,0.8104768661521535,FOR,70
DDD2013B,0.6283524904214559,1.3365186454831228,0.7995801293215085,XGBoost,70
DDD2013B,0.6283524904214559,0.856734202731746,0.7905284769508908,SVM,70
GGG2013J,0.6544502377510071,1.015918493270874,0.8346673250198364,CNN,70
GGG2013J,0.643979057591623,1.3912652503662017,0.788563961338221,KNN,70
GGG2013J,0.680628272251309,0.8227584046007714,0.80721422055935,FOR,70
GGG2013J,0.6701570680628273,1.3374514057307465,0.7862951368492438,XGBoost,70
GGG2013J,0.6073298429319371,0.9345056269973167,0.7716941630729114,SVM,70
GGG2014J,0.47999998927116394,1.3805394172668457,0.7435036897659302,CNN,70
GGG2014J,0.47333333333333333,1.7001148176574896,0.7481234085648149,KNN,70
GGG2014J,0.58,1.1858705128661138,0.7851741898148147,FOR,70
GGG2014J,0.5733333333333334,1.347931741142722,0.7687469907407407,XGBoost,70
GGG2014J,0.5266666666666666,0.9702476698987167,0.7857781828703704,SVM,70
EEE2013J,0.6682464480400085,0.9628913998603821,0.8562064170837402,CNN,70
EEE2013J,0.6966824644549763,1.2183696085954543,0.8346205291394909,KNN,70
EEE2013J,0.6540284360189573,0.8235769796433027,0.8199713952591345,FOR,70
EEE2013J,0.6540284360189573,1.3300651360072566,0.8405823865628727,XGBoost,70
EEE2013J,0.6492890995260664,0.8343498996743972,0.8181504663721159,SVM,70
AAA2013J,0.7142857313156128,1.2872964143753052,0.8272333741188049,CNN,70
AAA2013J,0.6493506493506493,3.5072645037568533,0.7181490384615384,KNN,70
AAA2013J,0.7792207792207793,1.0568679326580115,0.8086568138651472,FOR,70
AAA2013J,0.7012987012987013,1.3253682741721677,0.7532051282051282,XGBoost,70
AAA2013J,0.6753246753246753,0.7349056635180508,0.7538877018043686,SVM,70
BBB2013B,0.6073446273803711,1.5501704216003418,0.8102943301200867,CNN,70
BBB2013B,0.5706214689265536,2.632199507679661,0.7376163907994533,KNN,70
BBB2013B,0.6073446327683616,0.9624998525070593,0.8007467245942417,FOR,70
BBB2013B,0.5903954802259888,1.3435077118573115,0.7976500748440364,XGBoost,70
BBB2013B,0.5903954802259888,0.8939784456927216,0.7871713356064273,SVM,70
BBB2014B,0.6656346917152405,1.6069597005844116,0.839624285697937,CNN,70
BBB2014B,0.6130030959752322,1.0262863416649222,0.8336437198516925,KNN,70
BBB2014B,0.6253869969040248,0.8004413789816176,0.8363532991907584,FOR,70
BBB2014B,0.6687306501547987,1.3350797496459663,0.8347947853540837,XGBoost,70
BBB2014B,0.6037151702786377,0.8736830235743616,0.803223303809407,SVM,70
BBB2014J,0.6666666865348816,0.9085875153541565,0.8597238659858704,CNN,70
BBB2014J,0.6318082788671024,1.6686650833543832,0.7866664109869236,KNN,70
BBB2014J,0.6797385620915033,0.8247891377361861,0.8014761669953977,FOR,70
BBB2014J,0.6862745098039216,1.3327550001756847,0.8020444517495801,XGBoost,70
BBB2014J,0.6492374727668845,0.874899329842845,0.7965675542406312,SVM,70
GGG2014B,0.6347305178642273,1.3153375387191772,0.7683017253875732,CNN,70
GGG2014B,0.6107784431137725,1.9301451178126356,0.7748468361703656,KNN,70
GGG2014B,0.5688622754491018,0.8970046253931782,0.8069200244200244,FOR,70
GGG2014B,0.6407185628742516,1.3430076409440364,0.7947409861380449,XGBoost,70
GGG2014B,0.6047904191616766,0.9195213977022388,0.8025259462759462,SVM,70
DDD2014J,0.678670346736908,0.9811235666275024,0.8855428695678711,CNN,80
DDD2014J,0.6565096952908587,1.695794740023726,0.7635025769456169,KNN,80
DDD2014J,0.6842105263157895,0.8177181320423136,0.7919394406627486,FOR,80
DDD2014J,0.703601108033241,1.3285846942391766,0.7902964162482696,XGBoost,80
DDD2014J,0.6814404432132964,0.7970727331060136,0.802527768699203,SVM,80
AAA2014J,0.6438356041908264,1.1581302881240845,0.7948333024978638,CNN,80
AAA2014J,0.684931506849315,2.1322237330437774,0.7223987365291712,KNN,80
AAA2014J,0.6986301369863014,0.8600924445203643,0.7513408893843675,FOR,80
AAA2014J,0.6712328767123288,1.3344088756238348,0.7082837854576985,XGBoost,80
AAA2014J,0.684931506849315,0.9141258923960219,0.6894834633965069,SVM,80
BBB2013J,0.703125,0.8113952875137329,0.8852953910827637,CNN,80
BBB2013J,0.6584821428571429,1.205855635902592,0.8157431937858294,KNN,80
BBB2013J,0.7008928571428571,0.728824943482181,0.8298487221488675,FOR,80
BBB2013J,0.671875,1.3294873697425122,0.8209508783636691,XGBoost,80
BBB2013J,0.6919642857142857,0.7656332890461492,0.8244535181478012,SVM,80
CCC2014B,0.6701030731201172,1.5719605684280396,0.8566277623176575,CNN,80
CCC2014B,0.6649484536082474,2.1865789647834375,0.7950918197247985,KNN,80
CCC2014B,0.7242268041237113,0.7116538470419824,0.8503640636681417,FOR,80
CCC2014B,0.6932989690721649,1.3288511994675263,0.8083088793922126,XGBoost,80
CCC2014B,0.6829896907216495,0.7554572618149674,0.8415558535895414,SVM,80
CCC2014J,0.6740000247955322,2.0625998973846436,0.8486493229866028,CNN,80
CCC2014J,0.612,1.6938485395706637,0.7605074863171547,KNN,80
CCC2014J,0.718,0.7319909482987005,0.8331855942065601,FOR,80
CCC2014J,0.686,1.330274694282782,0.8016683540926385,XGBoost,80
CCC2014J,0.678,0.7643678619643736,0.8187283991483789,SVM,80
DDD2013J,0.6649484634399414,0.8304369449615479,0.8822004795074463,CNN,80
DDD2013J,0.595360824742268,1.9218329524211402,0.7671670035886288,KNN,80
DDD2013J,0.6855670103092784,0.7455650217133595,0.8357101850376978,FOR,80
DDD2013J,0.6907216494845361,1.3305278371351918,0.776900993353697,XGBoost,80
DDD2013J,0.6752577319587629,0.7868814271366928,0.8322104911174409,SVM,80
DDD2014B,0.5975610017776489,1.2009022235870361,0.8109811544418335,CNN,80
DDD2014B,0.5609756097560976,3.1375401973450834,0.7493604279318564,KNN,80
DDD2014B,0.6991869918699187,0.7537415266922117,0.8645523692026668,FOR,80
DDD2014B,0.6544715447154471,1.3354965300372152,0.8075178789464504,XGBoost,80
DDD2014B,0.6341463414634146,0.8133111206670728,0.840698859672074,SVM,80
EEE2014B,0.6402877569198608,0.9047684073448181,0.8697358965873718,CNN,80
EEE2014B,0.6762589928057554,1.1961609924836862,0.8487256199662215,KNN,80
EEE2014B,0.7122302158273381,0.6596015724522671,0.8883458646616541,FOR,80
EEE2014B,0.697841726618705,1.3301441910828904,0.8661941650663456,XGBoost,80
EEE2014B,0.6834532374100719,0.7150536723614502,0.8648831675147465,SVM,80
EEE2014J,0.680672287940979,1.2980618476867676,0.8595849275588989,CNN,80
EEE2014J,0.6554621848739496,1.047083690950487,0.8238158749738084,KNN,80
EEE2014J,0.7016806722689075,0.6885501349920929,0.8591932282676299,FOR,80
EEE2014J,0.6512605042016807,1.3316679908534366,0.838337881524201,XGBoost,80
EEE2014J,0.6890756302521008,0.7134651612705581,0.8613232283674073,SVM,80
FFF2013B,0.6346749067306519,1.315819501876831,0.8599446415901184,CNN,80
FFF2013B,0.6625386996904025,1.2696333461981797,0.8514548316384749,KNN,80
FFF2013B,0.6625386996904025,0.6913808532351995,0.869169178511513,FOR,80
FFF2013B,0.6842105263157895,1.3304122548846793,0.8547221439923852,XGBoost,80
FFF2013B,0.6625386996904025,0.7425721157951709,0.8629357765784963,SVM,80
FFF2013J,0.6630197167396545,0.8646485209465027,0.8746790289878845,CNN,80
FFF2013J,0.6017505470459519,1.868440209508435,0.8226085415405805,KNN,80
FFF2013J,0.7111597374179431,0.6589524905328917,0.8833158031782627,FOR,80
FFF2013J,0.6477024070021882,1.3296774867087777,0.850363198825982,XGBoost,80
FFF2013J,0.6783369803063457,0.7138672523768455,0.8702744388828533,SVM,80
FFF2014B,0.6499999761581421,0.9314091205596924,0.8665741086006165,CNN,80
FFF2014B,0.63,1.3541617141622277,0.8271115277767594,KNN,80
FFF2014B,0.6833333333333333,0.7005726682488131,0.873230599432251,FOR,80
FFF2014B,0.6733333333333333,1.3305306431419668,0.8377051042000224,XGBoost,80
FFF2014B,0.65,0.7372818642699764,0.8612639003978643,SVM,80
FFF2014J,0.6871035695075989,0.9551904797554016,0.8719379901885986,CNN,80
FFF2014J,0.6723044397463002,1.6581843160448282,0.8264966601749762,KNN,80
FFF2014J,0.7420718816067653,0.7280633802039653,0.871470699421124,FOR,80
FFF2014J,0.7463002114164905,1.3217827314567185,0.8459669859623372,XGBoost,80
FFF2014J,0.7103594080338267,0.7098078337088459,0.853643109135863,SVM,80
DDD2013B,0.6321839094161987,0.8290419578552246,0.8748011589050293,CNN,80
DDD2013B,0.6398467432950191,1.2855855827866236,0.8098511880839467,KNN,80
DDD2013B,0.6896551724137931,0.7469153219671345,0.8350011060140371,FOR,80
DDD2013B,0.6398467432950191,1.3351020060784435,0.7843269570999456,XGBoost,80
DDD2013B,0.6475095785440613,0.802933290634624,0.8035263879373074,SVM,80
GGG2013J,0.6335078477859497,1.2369520664215088,0.7864824533462524,CNN,80
GGG2013J,0.6701570680628273,1.64147690158833,0.8316605400559584,KNN,80
GGG2013J,0.6596858638743456,0.975267995518047,0.8070402679675821,FOR,80
GGG2013J,0.675392670157068,1.332576907041255,0.808671124151195,XGBoost,80
GGG2013J,0.6492146596858639,0.8994514956845596,0.7890517279020726,SVM,80
GGG2014J,0.5333333611488342,1.0868570804595947,0.8230667114257812,CNN,80
GGG2014J,0.52,1.3712334648616455,0.7754568287037037,KNN,80
GGG2014J,0.58,0.8558392055079882,0.8248335937499999,FOR,80
GGG2014J,0.5533333333333333,1.3450329590802834,0.8047831018518519,XGBoost,80
GGG2014J,0.5333333333333333,0.9092835127650695,0.8118918981481481,SVM,80
EEE2013J,0.6872037649154663,0.9931331872940063,0.8417001962661743,CNN,80
EEE2013J,0.6777251184834123,1.35036086483994,0.844268251630549,KNN,80
EEE2013J,0.6398104265402843,0.7855546546652369,0.8299796181359141,FOR,80
EEE2013J,0.6729857819905213,1.3289930850210432,0.8439704397222808,XGBoost,80
EEE2013J,0.6587677725118484,0.8128995182270152,0.8228946279542745,SVM,80
AAA2013J,0.701298713684082,0.9769231677055359,0.8709169030189514,CNN,80
AAA2013J,0.6493506493506493,3.4156529321233653,0.7574266975308642,KNN,80
AAA2013J,0.7532467532467533,1.06343504424801,0.80054012345679,FOR,80
AAA2013J,0.7272727272727273,1.3200609188383536,0.761900522317189,XGBoost,80
AAA2013J,0.7402597402597403,0.6920811362405375,0.7778519705603039,SVM,80
BBB2013B,0.5790960192680359,1.4282034635543823,0.8070570230484009,CNN,80
BBB2013B,0.5649717514124294,2.3369878388106975,0.748879861924859,KNN,80
BBB2013B,0.6016949152542372,0.9287117037952705,0.8079075733120836,FOR,80
BBB2013B,0.6242937853107344,1.339823056224703,0.8063226075277719,XGBoost,80
BBB2013B,0.635593220338983,0.8422217167458372,0.8099891730730954,SVM,80
BBB2014B,0.5820433497428894,1.2548748254776,0.8040589690208435,CNN,80
BBB2014B,0.653250773993808,1.0869371722473533,0.8463746055092131,KNN,80
BBB2014B,0.6501547987616099,0.7901438922700806,0.8414181213353867,FOR,80
BBB2014B,0.6470588235294118,1.3332770907168172,0.8530565015806418,XGBoost,80
BBB2014B,0.6253869969040248,0.8466552923367336,0.8250312343572758,SVM,80
BBB2014J,0.6775599122047424,1.0109341144561768,0.8699803352355957,CNN,80
BBB2014J,0.6339869281045751,1.7230890506783783,0.7937122963693478,KNN,80
BBB2014J,0.710239651416122,0.7615542185407859,0.8241999415589158,FOR,80
BBB2014J,0.7080610021786492,1.327694540617853,0.8223029622324495,XGBoost,80
BBB2014J,0.6688453159041394,0.8239418403490715,0.8182266418292059,SVM,80
GGG2014B,0.628742516040802,1.3272663354873657,0.738929271697998,CNN,80
GGG2014B,0.5868263473053892,1.6506565564743112,0.7974763431013431,KNN,80
GGG2014B,0.6107784431137725,0.8007356554787765,0.8329628582202111,FOR,80
GGG2014B,0.6526946107784432,1.3405568007548454,0.8015135028370324,XGBoost,80
GGG2014B,0.5988023952095808,0.8708196698558913,0.813103138691374,SVM,80
DDD2014J,0.7119113802909851,0.7372927069664001,0.902237594127655,CNN,90
DDD2014J,0.6814404432132964,1.6553100680809616,0.7943199280742088,KNN,90
DDD2014J,0.6897506925207756,0.8214533828919265,0.8222481323571674,FOR,90
DDD2014J,0.7313019390581718,1.324212619155481,0.8301703148449723,XGBoost,90
DDD2014J,0.7146814404432132,0.7372906743664974,0.8271150887790695,SVM,90
AAA2014J,0.6712328791618347,1.1508268117904663,0.8335835337638855,CNN,90
AAA2014J,0.7123287671232876,2.070957744657905,0.771482100829927,KNN,90
AAA2014J,0.7123287671232876,1.2187616279156914,0.7556701350179611,FOR,90
AAA2014J,0.6986301369863014,1.3239856336024314,0.6826737272389446,XGBoost,90
AAA2014J,0.7123287671232876,0.8434740265954828,0.7430137495354886,SVM,90
BBB2013J,0.6897321343421936,0.8768888115882874,0.8784254789352417,CNN,90
BBB2013J,0.6428571428571429,1.5235320439381932,0.8006432203670575,KNN,90
BBB2013J,0.7008928571428571,0.7319073391772479,0.8306465706271907,FOR,90
BBB2013J,0.65625,1.3293797321542544,0.8241246198174492,XGBoost,90
BBB2013J,0.6875,0.7733817696651734,0.8180000021690913,SVM,90
CCC2014B,0.6804123520851135,0.9611818194389343,0.8918012976646423,CNN,90
CCC2014B,0.6649484536082474,2.3231774904490514,0.8062350503121779,KNN,90
CCC2014B,0.7242268041237113,0.6744458565649433,0.8661418490230548,FOR,90
CCC2014B,0.6958762886597938,1.3277276176157125,0.8402720898749267,XGBoost,90
CCC2014B,0.6907216494845361,0.7205647972829,0.8525286112626539,SVM,90
CCC2014J,0.6819999814033508,0.8235498666763306,0.8876133561134338,CNN,90
CCC2014J,0.642,1.6356565353087396,0.7829102064705201,KNN,90
CCC2014J,0.722,0.6809120182224897,0.8630251485108175,FOR,90
CCC2014J,0.71,1.3279481325403177,0.8115826387742956,XGBoost,90
CCC2014J,0.706,0.6965604503682894,0.85039931590965,SVM,90
DDD2013J,0.7036082744598389,0.7258027195930481,0.9026076197624207,CNN,90
DDD2013J,0.6185567010309279,1.4468720509672823,0.8024592521581746,KNN,90
DDD2013J,0.6881443298969072,0.6881127918840069,0.857299865231215,FOR,90
DDD2013J,0.7139175257731959,1.3269294066372528,0.815379472512165,XGBoost,90
DDD2013J,0.6907216494845361,0.7354921394508754,0.8552648155869546,SVM,90
DDD2014B,0.642276406288147,0.9502667784690857,0.8397255539894104,CNN,90
DDD2014B,0.5772357723577236,2.2827698470953544,0.7849650900246138,KNN,90
DDD2014B,0.6626016260162602,0.7353813163262278,0.8623389638084578,FOR,90
DDD2014B,0.6178861788617886,1.3332253337239175,0.8207283581167509,XGBoost,90
DDD2014B,0.6300813008130082,0.771266719194813,0.8518669932360409,SVM,90
EEE2014B,0.6618704795837402,0.9460948705673218,0.8543035984039307,CNN,90
EEE2014B,0.697841726618705,1.1629494203936246,0.8564371788055999,KNN,90
EEE2014B,0.7410071942446043,0.610366725570807,0.8984006734006734,FOR,90
EEE2014B,0.6906474820143885,1.3283751603560927,0.8555610707866347,XGBoost,90
EEE2014B,0.7194244604316546,0.6580302898534756,0.8830004303688513,SVM,90
EEE2014J,0.6470588445663452,1.2169889211654663,0.8371054530143738,CNN,90
EEE2014J,0.6428571428571429,0.8708512806551978,0.843836977914251,KNN,90
EEE2014J,0.7226890756302521,0.6282927282479516,0.8871646176942086,FOR,90
EEE2014J,0.6848739495798319,1.3260548812107107,0.8821045942548117,XGBoost,90
EEE2014J,0.6932773109243697,0.6735164716136304,0.8665749545180912,SVM,90
FFF2013B,0.7151702642440796,1.2233030796051025,0.8926793336868286,CNN,90
FFF2013B,0.6749226006191951,0.8114035562828632,0.8642169872513262,KNN,90
FFF2013B,0.6934984520123839,0.6523320924617177,0.8685794983733045,FOR,90
FFF2013B,0.718266253869969,1.3227685870272305,0.8634161092942382,XGBoost,90
FFF2013B,0.6811145510835913,0.6967171591629295,0.8738376577453119,SVM,90
FFF2013J,0.7045952081680298,0.8241249322891235,0.9052671790122986,CNN,90
FFF2013J,0.6280087527352297,1.5803098424716042,0.8459013772120568,KNN,90
FFF2013J,0.7308533916849015,0.5900341257312801,0.8935912013581916,FOR,90
FFF2013J,0.7111597374179431,1.322864976120826,0.8739220015919046,XGBoost,90
FFF2013J,0.7045951859956237,0.6369537225840698,0.8870666373902619,SVM,90
FFF2014B,0.6666666865348816,1.0207397937774658,0.8887889385223389,CNN,90
FFF2014B,0.67,1.1728187349838122,0.8422594782013895,KNN,90
FFF2014B,0.6966666666666667,0.6460213868881269,0.8784751656681357,FOR,90
FFF2014B,0.6466666666666666,1.3264109822772208,0.8615525312412665,XGBoost,90
FFF2014B,0.6766666666666666,0.6868925702433377,0.8703218968746919,SVM,90
FFF2014J,0.7188160419464111,1.3782694339752197,0.8694508075714111,CNN,90
FFF2014J,0.6871035940803383,1.5052859216041963,0.8482947469671392,KNN,90
FFF2014J,0.7505285412262156,0.6008476384143171,0.8837954981353574,FOR,90
FFF2014J,0.7441860465116279,1.3140987732142897,0.8928547931412737,XGBoost,90
FFF2014J,0.7378435517970402,0.6363447851418234,0.8750703870930506,SVM,90
DDD2013B,0.6819923520088196,0.9607769846916199,0.882138729095459,CNN,90
DDD2013B,0.6666666666666666,1.2756251450128775,0.8190784444376399,KNN,90
DDD2013B,0.6743295019157088,0.7481342314643898,0.8074386833366719,FOR,90
DDD2013B,0.685823754789272,1.3299060668051434,0.7753478694570649,XGBoost,90
DDD2013B,0.6436781609195402,0.7921232979918712,0.8050020302175475,SVM,90
GGG2013J,0.7120419144630432,1.178932547569275,0.8215189576148987,CNN,90
GGG2013J,0.7015706806282722,1.0592043759201153,0.8291048078543423,KNN,90
GGG2013J,0.7120418848167539,0.7369925510430719,0.8362052247435932,FOR,90
GGG2013J,0.7172774869109948,1.3277182492958644,0.8102504490914809,XGBoost,90
GGG2013J,0.7068062827225131,0.7598833200201958,0.800688749072992,SVM,90
GGG2014J,0.6000000238418579,1.0116081237792969,0.8190740942955017,CNN,90
GGG2014J,0.5533333333333333,1.0501985787467139,0.8104882812500002,KNN,90
GGG2014J,0.6533333333333333,0.756763420527546,0.8618967013888889,FOR,90
GGG2014J,0.6066666666666667,1.3391139299899169,0.8361757523148148,XGBoost,90
GGG2014J,0.5866666666666667,0.8149179276556624,0.8248784722222222,SVM,90
EEE2013J,0.7014217972755432,1.1931676864624023,0.8828080296516418,CNN,90
EEE2013J,0.7061611374407583,1.3088462261944973,0.8586826127358161,KNN,90
EEE2013J,0.6635071090047393,0.7277323200275825,0.8475353899291674,FOR,90
EEE2013J,0.6919431279620853,1.3257163220938337,0.8307492460901886,XGBoost,90
EEE2013J,0.6682464454976303,0.7658603228690002,0.8403429062346587,SVM,90
AAA2013J,0.7532467246055603,1.225376009941101,0.9189014434814453,CNN,90
AAA2013J,0.6363636363636364,2.5213939347337253,0.7703659188034188,KNN,90
AAA2013J,0.8051948051948052,0.567864729149067,0.8776635208926876,FOR,90
AAA2013J,0.7662337662337663,1.3132215308343176,0.8251869658119659,XGBoost,90
AAA2013J,0.7662337662337663,0.6356540619203961,0.8215960351377017,SVM,90
BBB2013B,0.5677965879440308,1.6058939695358276,0.8102503418922424,CNN,90
BBB2013B,0.5819209039548022,1.9116397803691285,0.7755180721910252,KNN,90
BBB2013B,0.6186440677966102,0.8162220878378795,0.8176807319244709,FOR,90
BBB2013B,0.6271186440677966,1.3399805621206502,0.8005014586041623,XGBoost,90
BBB2013B,0.6440677966101694,0.8317214531457765,0.8083700743847175,SVM,90
BBB2014B,0.6377708911895752,1.9504976272583008,0.8527111411094666,CNN,90
BBB2014B,0.6346749226006192,1.50991640860657,0.829306558242851,KNN,90
BBB2014B,0.6687306501547987,0.7745576941814762,0.8473299294903898,FOR,90
BBB2014B,0.6749226006191951,1.3320145140775228,0.8524905174075429,XGBoost,90
BBB2014B,0.6191950464396285,0.8422912747211307,0.8233249253888887,SVM,90
BBB2014J,0.6775599122047424,1.6196705102920532,0.8524325489997864,CNN,90
BBB2014J,0.6579520697167756,1.6669325270715027,0.8102798232157208,KNN,90
BBB2014J,0.7233115468409586,0.724550245265449,0.8422680893418074,FOR,90
BBB2014J,0.6928104575163399,1.3245312962096751,0.8474127036306524,XGBoost,90
BBB2014J,0.6753812636165577,0.7680377788442819,0.8369006318942217,SVM,90
GGG2014B,0.6227545142173767,1.291749119758606,0.8308831453323364,CNN,90
GGG2014B,0.6227544910179641,1.2220760303075784,0.8160862421891834,KNN,90
GGG2014B,0.6287425149700598,0.7577946023070424,0.8572291801335918,FOR,90
GGG2014B,0.6586826347305389,1.33801128132428,0.8080499892264598,XGBoost,90
GGG2014B,0.6467065868263473,0.8120023860173108,0.832877792142498,SVM,90
DDD2014J,0.7091412544250488,0.9010077118873596,0.898104190826416,CNN,100
DDD2014J,0.6731301939058172,1.6518571853668431,0.7968099424246181,KNN,100
DDD2014J,0.7008310249307479,0.8050867650965035,0.8277699523985281,FOR,100
DDD2014J,0.7257617728531855,1.3239059365576669,0.8389798800782886,XGBoost,100
DDD2014J,0.7174515235457064,0.7370993722864402,0.826570327335839,SVM,100
AAA2014J,0.7123287916183472,1.0212831497192383,0.8484393358230591,CNN,100
AAA2014J,0.7123287671232876,2.0695443704956724,0.769427412362195,KNN,100
AAA2014J,0.726027397260274,1.2273191997062096,0.7410256410256411,FOR,100
AAA2014J,0.684931506849315,1.3226925311673212,0.7174191750278706,XGBoost,100
AAA2014J,0.726027397260274,0.841246251497002,0.7492165242165242,SVM,100
BBB2013J,0.6875,0.8032373189926147,0.8855802416801453,CNN,100
BBB2013J,0.640625,1.5989874428907194,0.7955877547301965,KNN,100
BBB2013J,0.6964285714285714,0.7513229665570774,0.8250415164077954,FOR,100
BBB2013J,0.6495535714285714,1.3300729474661885,0.8131765425394302,XGBoost,100
BBB2013J,0.6875,0.7729314782014031,0.8177761539171424,SVM,100
CCC2014B,0.7087628841400146,0.8352314829826355,0.8949011564254761,CNN,100
CCC2014B,0.6649484536082474,2.3231774904490514,0.8062350503121779,KNN,100
CCC2014B,0.7242268041237113,0.6744458565649433,0.8661418490230548,FOR,100
CCC2014B,0.6958762886597938,1.3277276176157125,0.8402720898749267,XGBoost,100
CCC2014B,0.6907216494845361,0.7205647972829,0.8525286112626539,SVM,100
CCC2014J,0.6980000138282776,1.3200377225875854,0.8798194527626038,CNN,100
CCC2014J,0.646,1.6292605684632775,0.7856256065200915,KNN,100
CCC2014J,0.73,0.694840461761672,0.8520700829517044,FOR,100
CCC2014J,0.708,1.3274465457420814,0.8238638100732795,XGBoost,100
CCC2014J,0.71,0.6993845121463979,0.851004108302346,SVM,100
DDD2013J,0.6907216310501099,1.348557949066162,0.8831616044044495,CNN,100
DDD2013J,0.6185567010309279,1.4476429612996728,0.8025459568583725,KNN,100
DDD2013J,0.6932989690721649,0.6855575667461262,0.8592205204995347,FOR,100
DDD2013J,0.7087628865979382,1.326956178806278,0.8063479240453749,XGBoost,100
DDD2013J,0.6932989690721649,0.7354043648648404,0.8550513210620343,SVM,100
DDD2014B,0.6585366129875183,1.5896836519241333,0.8129585385322571,CNN,100
DDD2014B,0.5772357723577236,2.2827698470953544,0.7849650900246138,KNN,100
DDD2014B,0.6626016260162602,0.7353813163262278,0.8623389638084578,FOR,100
DDD2014B,0.6178861788617886,1.3332253337239175,0.8207283581167509,XGBoost,100
DDD2014B,0.6300813008130082,0.771266719194813,0.8518669932360409,SVM,100
EEE2014B,0.6115108132362366,0.973470151424408,0.8432621359825134,CNN,100
EEE2014B,0.697841726618705,1.1629494203936246,0.8564371788055999,KNN,100
EEE2014B,0.7410071942446043,0.610366725570807,0.8984006734006734,FOR,100
EEE2014B,0.6906474820143885,1.3283751603560927,0.8555610707866347,XGBoost,100
EEE2014B,0.7194244604316546,0.6580302898534756,0.8830004303688513,SVM,100
EEE2014J,0.6554622054100037,1.2084062099456787,0.8244415521621704,CNN,100
EEE2014J,0.6428571428571429,0.8646267695695369,0.8461247251961459,KNN,100
EEE2014J,0.726890756302521,0.63510078965793,0.8829658663264254,FOR,100
EEE2014J,0.6890756302521008,1.325481530609515,0.8725685679268564,XGBoost,100
EEE2014J,0.6890756302521008,0.6801984781785596,0.8647325942315304,SVM,100
FFF2013B,0.6842105388641357,0.9314985275268555,0.873490035533905,CNN,100
FFF2013B,0.6749226006191951,0.8114035562828632,0.8642169872513262,KNN,100
FFF2013B,0.6934984520123839,0.6523320924617177,0.8685794983733045,FOR,100
FFF2013B,0.718266253869969,1.3227685870272305,0.8634161092942382,XGBoost,100
FFF2013B,0.6811145510835913,0.6967171591629295,0.8738376577453119,SVM,100
FFF2013J,0.6586433053016663,1.0938067436218262,0.8649184107780457,CNN,100
FFF2013J,0.6258205689277899,1.5773020422292001,0.8461645150965539,KNN,100
FFF2013J,0.7352297592997812,0.6039603570805702,0.886811965776367,FOR,100
FFF2013J,0.7133479212253829,1.32291214510352,0.8754208385276345,XGBoost,100
FFF2013J,0.7067833698030634,0.6355472623549823,0.886955608476644,SVM,100
FFF2014B,0.6866666674613953,1.3711994886398315,0.8754612803459167,CNN,100
FFF2014B,0.67,1.1728187349838122,0.8422594782013895,KNN,100
FFF2014B,0.6966666666666667,0.6460213868881269,0.8784751656681357,FOR,100
FFF2014B,0.6466666666666666,1.3264109822772208,0.8615525312412665,XGBoost,100
FFF2014B,0.6766666666666666,0.6868925702433377,0.8703218968746919,SVM,100
FFF2014J,0.7251585721969604,0.6598979234695435,0.9181993007659912,CNN,100
FFF2014J,0.678646934460888,1.507798240294786,0.8476063565587465,KNN,100
FFF2014J,0.758985200845666,0.6069883898999883,0.8816106453807803,FOR,100
FFF2014J,0.7547568710359408,1.3139701155508936,0.8943244934152296,XGBoost,100
FFF2014J,0.733615221987315,0.6377114407995809,0.8740726174617954,SVM,100
DDD2013B,0.6781609058380127,0.809664785861969,0.8831833600997925,CNN,100
DDD2013B,0.6666666666666666,1.2756251450128775,0.8190784444376399,KNN,100
DDD2013B,0.6743295019157088,0.7481342314643898,0.8074386833366719,FOR,100
DDD2013B,0.685823754789272,1.3299060668051434,0.7753478694570649,XGBoost,100
DDD2013B,0.6436781609195402,0.7921232979918712,0.8050020302175475,SVM,100
GGG2013J,0.6806282997131348,0.8806596398353577,0.8740121126174927,CNN,100
GGG2013J,0.7015706806282722,1.0628190154341888,0.8279907778475947,KNN,100
GGG2013J,0.7225130890052356,0.7403057527024026,0.8311670170023682,FOR,100
GGG2013J,0.7015706806282722,1.3281681193948485,0.816031030805663,XGBoost,100
GGG2013J,0.7068062827225131,0.7602720098688827,0.799718119621733,SVM,100
GGG2014J,0.5666666626930237,1.3246126174926758,0.7490444183349609,CNN,100
GGG2014J,0.58,1.0419220151816888,0.8153949652777778,KNN,100
GGG2014J,0.66,0.7690925177116212,0.8571665219907407,FOR,100
GGG2014J,0.6,1.3394701104424844,0.8343210648148148,XGBoost,100
GGG2014J,0.5866666666666667,0.8146620353545025,0.824670138888889,SVM,100
EEE2013J,0.7203791737556458,0.9933885335922241,0.8970636129379272,CNN,100
EEE2013J,0.7109004739336493,1.4642649095135414,0.8564636895995511,KNN,100
EEE2013J,0.6445497630331753,0.7131264983385561,0.8521132617995651,FOR,100
EEE2013J,0.6919431279620853,1.3257317618682505,0.8306622834700891,XGBoost,100
EEE2013J,0.6682464454976303,0.7644407560225772,0.84077067115506,SVM,100
AAA2013J,0.6883116960525513,1.154855728149414,0.8458424806594849,CNN,100
AAA2013J,0.6363636363636364,2.5222320973459014,0.7706330128205128,KNN,100
AAA2013J,0.8051948051948052,0.5700996207074019,0.8664381528964863,FOR,100
AAA2013J,0.7922077922077922,1.3139060339116782,0.7965782288698957,XGBoost,100
AAA2013J,0.7662337662337663,0.6350670684115135,0.8208392687559355,SVM,100
BBB2013B,0.612994372844696,1.2416496276855469,0.8338720202445984,CNN,100
BBB2013B,0.5819209039548022,1.9116397803691285,0.7755180721910252,KNN,100
BBB2013B,0.6186440677966102,0.8162220878378795,0.8176807319244709,FOR,100
BBB2013B,0.6271186440677966,1.3399805621206502,0.8005014586041623,XGBoost,100
BBB2013B,0.6440677966101694,0.8317214531457765,0.8083700743847175,SVM,100
BBB2014B,0.6439628601074219,0.919389545917511,0.866706907749176,CNN,100
BBB2014B,0.6346749226006192,1.50991640860657,0.829306558242851,KNN,100
BBB2014B,0.6687306501547987,0.7745576941814762,0.8473299294903898,FOR,100
BBB2014B,0.6749226006191951,1.3320145140775228,0.8524905174075429,XGBoost,100
BBB2014B,0.6191950464396285,0.8422912747211307,0.8233249253888887,SVM,100
BBB2014J,0.7058823704719543,1.4298592805862427,0.885435938835144,CNN,100
BBB2014J,0.6579520697167756,1.6651113088892069,0.8119705694353131,KNN,100
BBB2014J,0.7320261437908496,0.7052648136722499,0.8503685349550735,FOR,100
BBB2014J,0.6928104575163399,1.32434415630215,0.8539424720578568,XGBoost,100
BBB2014J,0.6753812636165577,0.7678475035203696,0.8376360764117176,SVM,100
GGG2014B,0.5269461274147034,1.1277374029159546,0.7692937254905701,CNN,100
GGG2014B,0.6227544910179641,1.2220760303075784,0.8160862421891834,KNN,100
GGG2014B,0.6287425149700598,0.7577946023070424,0.8572291801335918,FOR,100
GGG2014B,0.6586826347305389,1.33801128132428,0.8080499892264598,XGBoost,100
GGG2014B,0.6467065868263473,0.8120023860173108,0.832877792142498,SVM,100
